<?xml version="1.0" encoding="ISO-8859-1" ?>
<link_info>
   <banner>MSP430 Linker PC v18.1.4.LTS</banner>
   <copyright>Copyright (c) 2003-2018 Texas Instruments Incorporated</copyright>
   <link_time>0x5c9ca168</link_time>
   <link_errors>0x0</link_errors>
   <output_file>6_2a_spi.out</output_file>
   <entry_point>
      <name>_c_int00_noinit_noargs</name>
      <address>0x80cc</address>
   </entry_point>
   <input_file_list>
      <input_file id="fl-2">
         <path>.\</path>
         <kind>object</kind>
         <file>main.obj</file>
         <name>main.obj</name>
      </input_file>
      <input_file id="fl-7">
         <kind>object</kind>
         <file>&lt;internal&gt;</file>
         <name>&lt;internal&gt;</name>
      </input_file>
      <input_file id="fl-1d">
         <path>C:\ti\ccsv8\tools\compiler\ti-cgt-msp430_18.1.4.LTS\lib\</path>
         <kind>archive</kind>
         <file>rts430_eabi.lib</file>
         <name>int02.asm.obj</name>
      </input_file>
      <input_file id="fl-1e">
         <path>C:\ti\ccsv8\tools\compiler\ti-cgt-msp430_18.1.4.LTS\lib\</path>
         <kind>archive</kind>
         <file>rts430_eabi.lib</file>
         <name>int03.asm.obj</name>
      </input_file>
      <input_file id="fl-1f">
         <path>C:\ti\ccsv8\tools\compiler\ti-cgt-msp430_18.1.4.LTS\lib\</path>
         <kind>archive</kind>
         <file>rts430_eabi.lib</file>
         <name>int05.asm.obj</name>
      </input_file>
      <input_file id="fl-20">
         <path>C:\ti\ccsv8\tools\compiler\ti-cgt-msp430_18.1.4.LTS\lib\</path>
         <kind>archive</kind>
         <file>rts430_eabi.lib</file>
         <name>int06.asm.obj</name>
      </input_file>
      <input_file id="fl-21">
         <path>C:\ti\ccsv8\tools\compiler\ti-cgt-msp430_18.1.4.LTS\lib\</path>
         <kind>archive</kind>
         <file>rts430_eabi.lib</file>
         <name>int07.asm.obj</name>
      </input_file>
      <input_file id="fl-22">
         <path>C:\ti\ccsv8\tools\compiler\ti-cgt-msp430_18.1.4.LTS\lib\</path>
         <kind>archive</kind>
         <file>rts430_eabi.lib</file>
         <name>int08.asm.obj</name>
      </input_file>
      <input_file id="fl-23">
         <path>C:\ti\ccsv8\tools\compiler\ti-cgt-msp430_18.1.4.LTS\lib\</path>
         <kind>archive</kind>
         <file>rts430_eabi.lib</file>
         <name>int09.asm.obj</name>
      </input_file>
      <input_file id="fl-24">
         <path>C:\ti\ccsv8\tools\compiler\ti-cgt-msp430_18.1.4.LTS\lib\</path>
         <kind>archive</kind>
         <file>rts430_eabi.lib</file>
         <name>int10.asm.obj</name>
      </input_file>
      <input_file id="fl-25">
         <path>C:\ti\ccsv8\tools\compiler\ti-cgt-msp430_18.1.4.LTS\lib\</path>
         <kind>archive</kind>
         <file>rts430_eabi.lib</file>
         <name>int12.asm.obj</name>
      </input_file>
      <input_file id="fl-26">
         <path>C:\ti\ccsv8\tools\compiler\ti-cgt-msp430_18.1.4.LTS\lib\</path>
         <kind>archive</kind>
         <file>rts430_eabi.lib</file>
         <name>int13.asm.obj</name>
      </input_file>
      <input_file id="fl-27">
         <path>C:\ti\ccsv8\tools\compiler\ti-cgt-msp430_18.1.4.LTS\lib\</path>
         <kind>archive</kind>
         <file>rts430_eabi.lib</file>
         <name>int14.asm.obj</name>
      </input_file>
      <input_file id="fl-28">
         <path>C:\ti\ccsv8\tools\compiler\ti-cgt-msp430_18.1.4.LTS\lib\</path>
         <kind>archive</kind>
         <file>rts430_eabi.lib</file>
         <name>isr_trap.asm.obj</name>
      </input_file>
      <input_file id="fl-29">
         <path>C:\ti\ccsv8\tools\compiler\ti-cgt-msp430_18.1.4.LTS\lib\</path>
         <kind>archive</kind>
         <file>rts430_eabi.lib</file>
         <name>boot.c.obj</name>
      </input_file>
      <input_file id="fl-2a">
         <path>C:\ti\ccsv8\tools\compiler\ti-cgt-msp430_18.1.4.LTS\lib\</path>
         <kind>archive</kind>
         <file>rts430_eabi.lib</file>
         <name>autoinit.c.obj</name>
      </input_file>
      <input_file id="fl-2b">
         <path>C:\ti\ccsv8\tools\compiler\ti-cgt-msp430_18.1.4.LTS\lib\</path>
         <kind>archive</kind>
         <file>rts430_eabi.lib</file>
         <name>copy_zero_init.c.obj</name>
      </input_file>
      <input_file id="fl-2c">
         <path>C:\ti\ccsv8\tools\compiler\ti-cgt-msp430_18.1.4.LTS\lib\</path>
         <kind>archive</kind>
         <file>rts430_eabi.lib</file>
         <name>cpy_tbl.c.obj</name>
      </input_file>
      <input_file id="fl-2d">
         <path>C:\ti\ccsv8\tools\compiler\ti-cgt-msp430_18.1.4.LTS\lib\</path>
         <kind>archive</kind>
         <file>rts430_eabi.lib</file>
         <name>mpu_init.c.obj</name>
      </input_file>
      <input_file id="fl-2e">
         <path>C:\ti\ccsv8\tools\compiler\ti-cgt-msp430_18.1.4.LTS\lib\</path>
         <kind>archive</kind>
         <file>rts430_eabi.lib</file>
         <name>pre_init.c.obj</name>
      </input_file>
      <input_file id="fl-2f">
         <path>C:\ti\ccsv8\tools\compiler\ti-cgt-msp430_18.1.4.LTS\lib\</path>
         <kind>archive</kind>
         <file>rts430_eabi.lib</file>
         <name>startup.c.obj</name>
      </input_file>
      <input_file id="fl-30">
         <path>C:\ti\ccsv8\tools\compiler\ti-cgt-msp430_18.1.4.LTS\lib\</path>
         <kind>archive</kind>
         <file>rts430_eabi.lib</file>
         <name>copy_decompress_none.c.obj</name>
      </input_file>
      <input_file id="fl-31">
         <path>C:\ti\ccsv8\tools\compiler\ti-cgt-msp430_18.1.4.LTS\lib\</path>
         <kind>archive</kind>
         <file>rts430_eabi.lib</file>
         <name>copy_decompress_lzss.c.obj</name>
      </input_file>
      <input_file id="fl-32">
         <path>C:\ti\ccsv8\tools\compiler\ti-cgt-msp430_18.1.4.LTS\lib\</path>
         <kind>archive</kind>
         <file>rts430_eabi.lib</file>
         <name>exit.c.obj</name>
      </input_file>
      <input_file id="fl-33">
         <path>C:\ti\ccsv8\tools\compiler\ti-cgt-msp430_18.1.4.LTS\lib\</path>
         <kind>archive</kind>
         <file>rts430_eabi.lib</file>
         <name>_lock.c.obj</name>
      </input_file>
      <input_file id="fl-34">
         <path>C:\ti\ccsv8\tools\compiler\ti-cgt-msp430_18.1.4.LTS\lib\</path>
         <kind>archive</kind>
         <file>rts430_eabi.lib</file>
         <name>args_main.c.obj</name>
      </input_file>
      <input_file id="fl-35">
         <path>C:\ti\ccsv8\tools\compiler\ti-cgt-msp430_18.1.4.LTS\lib\</path>
         <kind>archive</kind>
         <file>rts430_eabi.lib</file>
         <name>memcpy.c.obj</name>
      </input_file>
      <input_file id="fl-36">
         <path>C:\ti\ccsv8\tools\compiler\ti-cgt-msp430_18.1.4.LTS\lib\</path>
         <kind>archive</kind>
         <file>rts430_eabi.lib</file>
         <name>epilog.asm.obj</name>
      </input_file>
      <input_file id="fl-37">
         <path>C:\ti\ccsv8\tools\compiler\ti-cgt-msp430_18.1.4.LTS\lib\</path>
         <kind>archive</kind>
         <file>rts430_eabi.lib</file>
         <name>lsl16.asm.obj</name>
      </input_file>
      <input_file id="fl-38">
         <path>C:\ti\ccsv8\tools\compiler\ti-cgt-msp430_18.1.4.LTS\lib\</path>
         <kind>archive</kind>
         <file>rts430_eabi.lib</file>
         <name>lsr16.asm.obj</name>
      </input_file>
      <input_file id="fl-39">
         <path>C:\ti\ccsv8\tools\compiler\ti-cgt-msp430_18.1.4.LTS\lib\</path>
         <kind>archive</kind>
         <file>rts430_eabi.lib</file>
         <name>mult16.asm.obj</name>
      </input_file>
      <input_file id="fl-3a">
         <path>C:\ti\ccsv8\tools\compiler\ti-cgt-msp430_18.1.4.LTS\lib\</path>
         <kind>archive</kind>
         <file>rts430_eabi.lib</file>
         <name>exit_gvars.c.obj</name>
      </input_file>
   </input_file_list>
   <object_component_list>
      <object_component id="oc-ac">
         <name>.stack</name>
         <uninitialized>true</uninitialized>
         <run_address>0x5b0</run_address>
         <size>0x2</size>
         <input_file_ref idref="fl-29"/>
      </object_component>
      <object_component id="oc-26e">
         <name>.stack</name>
         <uninitialized>true</uninitialized>
         <run_address>0x5b0</run_address>
         <size>0x0</size>
      </object_component>
      <object_component id="oc-140">
         <name>.text:main</name>
         <load_address>0x8000</load_address>
         <run_address>0x8000</run_address>
         <size>0xaa</size>
         <input_file_ref idref="fl-2"/>
      </object_component>
      <object_component id="oc-168">
         <name>.text:max7221_send</name>
         <load_address>0x80aa</load_address>
         <run_address>0x80aa</run_address>
         <size>0x22</size>
         <input_file_ref idref="fl-2"/>
      </object_component>
      <object_component id="oc-e8">
         <name>.text:_c_int00_noinit_noargs</name>
         <load_address>0x80cc</load_address>
         <run_address>0x80cc</run_address>
         <size>0x14</size>
         <input_file_ref idref="fl-29"/>
      </object_component>
      <object_component id="oc-d7">
         <name>.text:_isr:__TI_ISR_TRAP</name>
         <load_address>0x80e0</load_address>
         <run_address>0x80e0</run_address>
         <size>0x8</size>
         <input_file_ref idref="fl-28"/>
      </object_component>
      <object_component id="oc-16f">
         <name>.text:abort</name>
         <load_address>0x80e8</load_address>
         <run_address>0x80e8</run_address>
         <size>0x6</size>
         <input_file_ref idref="fl-32"/>
      </object_component>
      <object_component id="oc-13a">
         <name>.text:_system_pre_init</name>
         <load_address>0x80ee</load_address>
         <run_address>0x80ee</run_address>
         <size>0x4</size>
         <input_file_ref idref="fl-2e"/>
      </object_component>
      <object_component id="oc-22f">
         <name>.binit</name>
         <load_address>0x8000</load_address>
         <run_address>0x8000</run_address>
         <size>0x0</size>
      </object_component>
      <object_component id="oc-3e">
         <name>.int02</name>
         <load_address>0xffe4</load_address>
         <run_address>0xffe4</run_address>
         <size>0x2</size>
         <input_file_ref idref="fl-1d"/>
      </object_component>
      <object_component id="oc-3f">
         <name>.int03</name>
         <load_address>0xffe6</load_address>
         <run_address>0xffe6</run_address>
         <size>0x2</size>
         <input_file_ref idref="fl-1e"/>
      </object_component>
      <object_component id="oc-40">
         <name>.int05</name>
         <load_address>0xffea</load_address>
         <run_address>0xffea</run_address>
         <size>0x2</size>
         <input_file_ref idref="fl-1f"/>
      </object_component>
      <object_component id="oc-41">
         <name>.int06</name>
         <load_address>0xffec</load_address>
         <run_address>0xffec</run_address>
         <size>0x2</size>
         <input_file_ref idref="fl-20"/>
      </object_component>
      <object_component id="oc-42">
         <name>.int07</name>
         <load_address>0xffee</load_address>
         <run_address>0xffee</run_address>
         <size>0x2</size>
         <input_file_ref idref="fl-21"/>
      </object_component>
      <object_component id="oc-43">
         <name>.int08</name>
         <load_address>0xfff0</load_address>
         <run_address>0xfff0</run_address>
         <size>0x2</size>
         <input_file_ref idref="fl-22"/>
      </object_component>
      <object_component id="oc-44">
         <name>.int09</name>
         <load_address>0xfff2</load_address>
         <run_address>0xfff2</run_address>
         <size>0x2</size>
         <input_file_ref idref="fl-23"/>
      </object_component>
      <object_component id="oc-45">
         <name>.int10</name>
         <load_address>0xfff4</load_address>
         <run_address>0xfff4</run_address>
         <size>0x2</size>
         <input_file_ref idref="fl-24"/>
      </object_component>
      <object_component id="oc-46">
         <name>.int12</name>
         <load_address>0xfff8</load_address>
         <run_address>0xfff8</run_address>
         <size>0x2</size>
         <input_file_ref idref="fl-25"/>
      </object_component>
      <object_component id="oc-47">
         <name>.int13</name>
         <load_address>0xfffa</load_address>
         <run_address>0xfffa</run_address>
         <size>0x2</size>
         <input_file_ref idref="fl-26"/>
      </object_component>
      <object_component id="oc-48">
         <name>.int14</name>
         <load_address>0xfffc</load_address>
         <run_address>0xfffc</run_address>
         <size>0x2</size>
         <input_file_ref idref="fl-27"/>
      </object_component>
      <object_component id="oc-af">
         <name>.reset</name>
         <load_address>0xfffe</load_address>
         <run_address>0xfffe</run_address>
         <size>0x2</size>
         <input_file_ref idref="fl-29"/>
      </object_component>
      <object_component id="oc-219">
         <name>.debug_info</name>
         <load_address>0x0</load_address>
         <run_address>0x0</run_address>
         <size>0x328</size>
         <input_file_ref idref="fl-2"/>
      </object_component>
      <object_component id="oc-169">
         <name>.debug_info</name>
         <load_address>0x328</load_address>
         <run_address>0x328</run_address>
         <size>0x142</size>
         <input_file_ref idref="fl-2"/>
      </object_component>
      <object_component id="oc-141">
         <name>.debug_info</name>
         <load_address>0x46a</load_address>
         <run_address>0x46a</run_address>
         <size>0x1f9</size>
         <input_file_ref idref="fl-2"/>
      </object_component>
      <object_component id="oc-229">
         <name>.debug_info</name>
         <load_address>0x663</load_address>
         <run_address>0x663</run_address>
         <size>0x26b</size>
         <input_file_ref idref="fl-2"/>
      </object_component>
      <object_component id="oc-c5">
         <name>.debug_info</name>
         <load_address>0x8ce</load_address>
         <run_address>0x8ce</run_address>
         <size>0x84</size>
         <input_file_ref idref="fl-2"/>
      </object_component>
      <object_component id="oc-1e7">
         <name>.debug_info</name>
         <load_address>0x952</load_address>
         <run_address>0x952</run_address>
         <size>0x275</size>
         <input_file_ref idref="fl-2"/>
      </object_component>
      <object_component id="oc-1af">
         <name>.debug_info</name>
         <load_address>0xbc7</load_address>
         <run_address>0xbc7</run_address>
         <size>0xbb</size>
         <input_file_ref idref="fl-2"/>
      </object_component>
      <object_component id="oc-d8">
         <name>.debug_info</name>
         <load_address>0xc82</load_address>
         <run_address>0xc82</run_address>
         <size>0x112</size>
         <input_file_ref idref="fl-28"/>
      </object_component>
      <object_component id="oc-ad">
         <name>.debug_info</name>
         <load_address>0xd94</load_address>
         <run_address>0xd94</run_address>
         <size>0x100</size>
         <input_file_ref idref="fl-29"/>
      </object_component>
      <object_component id="oc-e9">
         <name>.debug_info</name>
         <load_address>0xe94</load_address>
         <run_address>0xe94</run_address>
         <size>0x177</size>
         <input_file_ref idref="fl-29"/>
      </object_component>
      <object_component id="oc-13b">
         <name>.debug_info</name>
         <load_address>0x100b</load_address>
         <run_address>0x100b</run_address>
         <size>0x153</size>
         <input_file_ref idref="fl-2e"/>
      </object_component>
      <object_component id="oc-170">
         <name>.debug_info</name>
         <load_address>0x115e</load_address>
         <run_address>0x115e</run_address>
         <size>0x122</size>
         <input_file_ref idref="fl-32"/>
      </object_component>
      <object_component id="oc-26f">
         <name>.debug_info</name>
         <load_address>0x1280</load_address>
         <run_address>0x1280</run_address>
         <size>0xb4</size>
      </object_component>
      <object_component id="oc-228">
         <name>.debug_line</name>
         <load_address>0x0</load_address>
         <run_address>0x0</run_address>
         <size>0x55</size>
         <input_file_ref idref="fl-2"/>
      </object_component>
      <object_component id="oc-16c">
         <name>.debug_line</name>
         <load_address>0x55</load_address>
         <run_address>0x55</run_address>
         <size>0x50</size>
         <input_file_ref idref="fl-2"/>
      </object_component>
      <object_component id="oc-144">
         <name>.debug_line</name>
         <load_address>0xa5</load_address>
         <run_address>0xa5</run_address>
         <size>0x5b</size>
         <input_file_ref idref="fl-2"/>
      </object_component>
      <object_component id="oc-22c">
         <name>.debug_line</name>
         <load_address>0x100</load_address>
         <run_address>0x100</run_address>
         <size>0x6c</size>
         <input_file_ref idref="fl-2"/>
      </object_component>
      <object_component id="oc-c8">
         <name>.debug_line</name>
         <load_address>0x16c</load_address>
         <run_address>0x16c</run_address>
         <size>0x20</size>
         <input_file_ref idref="fl-2"/>
      </object_component>
      <object_component id="oc-1ea">
         <name>.debug_line</name>
         <load_address>0x18c</load_address>
         <run_address>0x18c</run_address>
         <size>0x70</size>
         <input_file_ref idref="fl-2"/>
      </object_component>
      <object_component id="oc-1b2">
         <name>.debug_line</name>
         <load_address>0x1fc</load_address>
         <run_address>0x1fc</run_address>
         <size>0x6d</size>
         <input_file_ref idref="fl-2"/>
      </object_component>
      <object_component id="oc-db">
         <name>.debug_line</name>
         <load_address>0x269</load_address>
         <run_address>0x269</run_address>
         <size>0x3d</size>
         <input_file_ref idref="fl-28"/>
      </object_component>
      <object_component id="oc-119">
         <name>.debug_line</name>
         <load_address>0x2a6</load_address>
         <run_address>0x2a6</run_address>
         <size>0x2a</size>
         <input_file_ref idref="fl-29"/>
      </object_component>
      <object_component id="oc-ed">
         <name>.debug_line</name>
         <load_address>0x2d0</load_address>
         <run_address>0x2d0</run_address>
         <size>0x43</size>
         <input_file_ref idref="fl-29"/>
      </object_component>
      <object_component id="oc-13e">
         <name>.debug_line</name>
         <load_address>0x313</load_address>
         <run_address>0x313</run_address>
         <size>0x3e</size>
         <input_file_ref idref="fl-2e"/>
      </object_component>
      <object_component id="oc-174">
         <name>.debug_line</name>
         <load_address>0x351</load_address>
         <run_address>0x351</run_address>
         <size>0x3d</size>
         <input_file_ref idref="fl-32"/>
      </object_component>
      <object_component id="oc-16d">
         <name>.debug_frame</name>
         <load_address>0x0</load_address>
         <run_address>0x0</run_address>
         <size>0x3c</size>
         <input_file_ref idref="fl-2"/>
      </object_component>
      <object_component id="oc-145">
         <name>.debug_frame</name>
         <load_address>0x3c</load_address>
         <run_address>0x3c</run_address>
         <size>0x40</size>
         <input_file_ref idref="fl-2"/>
      </object_component>
      <object_component id="oc-ec">
         <name>.debug_frame</name>
         <load_address>0x7c</load_address>
         <run_address>0x7c</run_address>
         <size>0x34</size>
         <input_file_ref idref="fl-29"/>
      </object_component>
      <object_component id="oc-13f">
         <name>.debug_frame</name>
         <load_address>0xb0</load_address>
         <run_address>0xb0</run_address>
         <size>0x3c</size>
         <input_file_ref idref="fl-2e"/>
      </object_component>
      <object_component id="oc-173">
         <name>.debug_frame</name>
         <load_address>0xec</load_address>
         <run_address>0xec</run_address>
         <size>0x3c</size>
         <input_file_ref idref="fl-32"/>
      </object_component>
      <object_component id="oc-227">
         <name>.debug_abbrev</name>
         <load_address>0x0</load_address>
         <run_address>0x0</run_address>
         <size>0x81</size>
         <input_file_ref idref="fl-2"/>
      </object_component>
      <object_component id="oc-1ae">
         <name>.debug_abbrev</name>
         <load_address>0x81</load_address>
         <run_address>0x81</run_address>
         <size>0x6c</size>
         <input_file_ref idref="fl-2"/>
      </object_component>
      <object_component id="oc-16e">
         <name>.debug_abbrev</name>
         <load_address>0xed</load_address>
         <run_address>0xed</run_address>
         <size>0x54</size>
         <input_file_ref idref="fl-2"/>
      </object_component>
      <object_component id="oc-22b">
         <name>.debug_abbrev</name>
         <load_address>0x141</load_address>
         <run_address>0x141</run_address>
         <size>0x69</size>
         <input_file_ref idref="fl-2"/>
      </object_component>
      <object_component id="oc-c7">
         <name>.debug_abbrev</name>
         <load_address>0x1aa</load_address>
         <run_address>0x1aa</run_address>
         <size>0x1f</size>
         <input_file_ref idref="fl-2"/>
      </object_component>
      <object_component id="oc-1e9">
         <name>.debug_abbrev</name>
         <load_address>0x1c9</load_address>
         <run_address>0x1c9</run_address>
         <size>0x35</size>
         <input_file_ref idref="fl-2"/>
      </object_component>
      <object_component id="oc-1b1">
         <name>.debug_abbrev</name>
         <load_address>0x1fe</load_address>
         <run_address>0x1fe</run_address>
         <size>0x24</size>
         <input_file_ref idref="fl-2"/>
      </object_component>
      <object_component id="oc-131">
         <name>.debug_abbrev</name>
         <load_address>0x222</load_address>
         <run_address>0x222</run_address>
         <size>0x28</size>
         <input_file_ref idref="fl-28"/>
      </object_component>
      <object_component id="oc-118">
         <name>.debug_abbrev</name>
         <load_address>0x24a</load_address>
         <run_address>0x24a</run_address>
         <size>0x29</size>
         <input_file_ref idref="fl-29"/>
      </object_component>
      <object_component id="oc-147">
         <name>.debug_abbrev</name>
         <load_address>0x273</load_address>
         <run_address>0x273</run_address>
         <size>0x58</size>
         <input_file_ref idref="fl-29"/>
      </object_component>
      <object_component id="oc-167">
         <name>.debug_abbrev</name>
         <load_address>0x2cb</load_address>
         <run_address>0x2cb</run_address>
         <size>0x55</size>
         <input_file_ref idref="fl-2e"/>
      </object_component>
      <object_component id="oc-1b4">
         <name>.debug_abbrev</name>
         <load_address>0x320</load_address>
         <run_address>0x320</run_address>
         <size>0x45</size>
         <input_file_ref idref="fl-32"/>
      </object_component>
      <object_component id="oc-270">
         <name>.debug_abbrev</name>
         <load_address>0x365</load_address>
         <run_address>0x365</run_address>
         <size>0xf</size>
      </object_component>
      <object_component id="oc-22d">
         <name>.debug_str</name>
         <load_address>0x0</load_address>
         <run_address>0x0</run_address>
         <size>0x2bf</size>
         <input_file_ref idref="fl-2"/>
      </object_component>
      <object_component id="oc-c9">
         <name>.debug_str</name>
         <load_address>0x2bf</load_address>
         <run_address>0x2bf</run_address>
         <size>0xfa</size>
         <input_file_ref idref="fl-2"/>
      </object_component>
      <object_component id="oc-1eb">
         <name>.debug_str</name>
         <load_address>0x3b9</load_address>
         <run_address>0x3b9</run_address>
         <size>0x33d</size>
         <input_file_ref idref="fl-2"/>
      </object_component>
      <object_component id="oc-1b3">
         <name>.debug_str</name>
         <load_address>0x6f6</load_address>
         <run_address>0x6f6</run_address>
         <size>0x157</size>
         <input_file_ref idref="fl-2"/>
      </object_component>
      <object_component id="oc-16a">
         <name>.debug_aranges</name>
         <load_address>0x0</load_address>
         <run_address>0x0</run_address>
         <size>0x20</size>
         <input_file_ref idref="fl-2"/>
      </object_component>
      <object_component id="oc-142">
         <name>.debug_aranges</name>
         <load_address>0x20</load_address>
         <run_address>0x20</run_address>
         <size>0x20</size>
         <input_file_ref idref="fl-2"/>
      </object_component>
      <object_component id="oc-d9">
         <name>.debug_aranges</name>
         <load_address>0x40</load_address>
         <run_address>0x40</run_address>
         <size>0x20</size>
         <input_file_ref idref="fl-28"/>
      </object_component>
      <object_component id="oc-eb">
         <name>.debug_aranges</name>
         <load_address>0x60</load_address>
         <run_address>0x60</run_address>
         <size>0x20</size>
         <input_file_ref idref="fl-29"/>
      </object_component>
      <object_component id="oc-13d">
         <name>.debug_aranges</name>
         <load_address>0x80</load_address>
         <run_address>0x80</run_address>
         <size>0x20</size>
         <input_file_ref idref="fl-2e"/>
      </object_component>
      <object_component id="oc-172">
         <name>.debug_aranges</name>
         <load_address>0xa0</load_address>
         <run_address>0xa0</run_address>
         <size>0x20</size>
         <input_file_ref idref="fl-32"/>
      </object_component>
      <object_component id="oc-16b">
         <name>.debug_pubnames</name>
         <load_address>0x0</load_address>
         <run_address>0x0</run_address>
         <size>0x23</size>
         <input_file_ref idref="fl-2"/>
      </object_component>
      <object_component id="oc-143">
         <name>.debug_pubnames</name>
         <load_address>0x23</load_address>
         <run_address>0x23</run_address>
         <size>0x1b</size>
         <input_file_ref idref="fl-2"/>
      </object_component>
      <object_component id="oc-da">
         <name>.debug_pubnames</name>
         <load_address>0x3e</load_address>
         <run_address>0x3e</run_address>
         <size>0x2b</size>
         <input_file_ref idref="fl-28"/>
      </object_component>
      <object_component id="oc-ae">
         <name>.debug_pubnames</name>
         <load_address>0x69</load_address>
         <run_address>0x69</run_address>
         <size>0x1d</size>
         <input_file_ref idref="fl-29"/>
      </object_component>
      <object_component id="oc-ea">
         <name>.debug_pubnames</name>
         <load_address>0x86</load_address>
         <run_address>0x86</run_address>
         <size>0x2d</size>
         <input_file_ref idref="fl-29"/>
      </object_component>
      <object_component id="oc-13c">
         <name>.debug_pubnames</name>
         <load_address>0xb3</load_address>
         <run_address>0xb3</run_address>
         <size>0x27</size>
         <input_file_ref idref="fl-2e"/>
      </object_component>
      <object_component id="oc-171">
         <name>.debug_pubnames</name>
         <load_address>0xda</load_address>
         <run_address>0xda</run_address>
         <size>0x1c</size>
         <input_file_ref idref="fl-32"/>
      </object_component>
      <object_component id="oc-22a">
         <name>.debug_pubtypes</name>
         <load_address>0x0</load_address>
         <run_address>0x0</run_address>
         <size>0x25c</size>
         <input_file_ref idref="fl-2"/>
      </object_component>
      <object_component id="oc-c6">
         <name>.debug_pubtypes</name>
         <load_address>0x25c</load_address>
         <run_address>0x25c</run_address>
         <size>0xed</size>
         <input_file_ref idref="fl-2"/>
      </object_component>
      <object_component id="oc-1e8">
         <name>.debug_pubtypes</name>
         <load_address>0x349</load_address>
         <run_address>0x349</run_address>
         <size>0x315</size>
         <input_file_ref idref="fl-2"/>
      </object_component>
      <object_component id="oc-1b0">
         <name>.debug_pubtypes</name>
         <load_address>0x65e</load_address>
         <run_address>0x65e</run_address>
         <size>0xaa</size>
         <input_file_ref idref="fl-2"/>
      </object_component>
   </object_component_list>
   <logical_group_list>
      <logical_group id="lg-2" display="no" color="cyan">
         <name>.bss</name>
         <run_address>0x0</run_address>
         <size>0x0</size>
         <contents>
         </contents>
      </logical_group>
      <logical_group id="lg-3" display="no" color="cyan">
         <name>.data</name>
         <run_address>0x0</run_address>
         <size>0x0</size>
         <contents>
         </contents>
      </logical_group>
      <logical_group id="lg-4" display="no" color="cyan">
         <name>.TI.noinit</name>
         <run_address>0x0</run_address>
         <size>0x0</size>
         <contents>
         </contents>
      </logical_group>
      <logical_group id="lg-5" display="no" color="cyan">
         <name>.sysmem</name>
         <run_address>0x0</run_address>
         <size>0x0</size>
         <contents>
         </contents>
      </logical_group>
      <logical_group id="lg-6" display="no" color="cyan">
         <name>.stack</name>
         <run_address>0x5b0</run_address>
         <size>0x50</size>
         <contents>
            <object_component_ref idref="oc-ac"/>
            <object_component_ref idref="oc-26e"/>
         </contents>
      </logical_group>
      <logical_group id="lg-7" display="no" color="cyan">
         <name>.text</name>
         <load_address>0x8000</load_address>
         <run_address>0x8000</run_address>
         <size>0xf2</size>
         <contents>
            <object_component_ref idref="oc-140"/>
            <object_component_ref idref="oc-168"/>
            <object_component_ref idref="oc-e8"/>
            <object_component_ref idref="oc-d7"/>
            <object_component_ref idref="oc-16f"/>
            <object_component_ref idref="oc-13a"/>
         </contents>
      </logical_group>
      <logical_group id="lg-8" display="no" color="cyan">
         <name>.cinit</name>
         <run_address>0x0</run_address>
         <size>0x0</size>
         <contents>
         </contents>
      </logical_group>
      <logical_group id="lg-9" display="no" color="cyan">
         <name>.const</name>
         <run_address>0x0</run_address>
         <size>0x0</size>
         <contents>
         </contents>
      </logical_group>
      <logical_group id="lg-a" display="no" color="cyan">
         <name>.bslsignature</name>
         <run_address>0x0</run_address>
         <size>0x0</size>
         <contents>
         </contents>
      </logical_group>
      <logical_group id="lg-b" display="no" color="cyan">
         <name>.cio</name>
         <run_address>0x0</run_address>
         <size>0x0</size>
         <contents>
         </contents>
      </logical_group>
      <logical_group id="lg-c" display="no" color="cyan">
         <name>.pinit</name>
         <run_address>0x0</run_address>
         <size>0x0</size>
         <contents>
         </contents>
      </logical_group>
      <logical_group id="lg-d" display="no" color="cyan">
         <name>.binit</name>
         <load_address>0x8000</load_address>
         <run_address>0x8000</run_address>
         <size>0x0</size>
         <contents>
            <object_component_ref idref="oc-22f"/>
         </contents>
      </logical_group>
      <logical_group id="lg-e" display="no" color="cyan">
         <name>.init_array</name>
         <run_address>0x0</run_address>
         <size>0x0</size>
         <contents>
         </contents>
      </logical_group>
      <logical_group id="lg-f" display="no" color="cyan">
         <name>.mspabi.exidx</name>
         <run_address>0x0</run_address>
         <size>0x0</size>
         <contents>
         </contents>
      </logical_group>
      <logical_group id="lg-10" display="no" color="cyan">
         <name>.mspabi.extab</name>
         <run_address>0x0</run_address>
         <size>0x0</size>
         <contents>
         </contents>
      </logical_group>
      <logical_group id="lg-11" display="no" color="cyan">
         <name>.TI.ramfunc</name>
         <run_address>0x0</run_address>
         <size>0x0</size>
         <contents>
         </contents>
      </logical_group>
      <logical_group id="lg-12" display="no" color="cyan">
         <name>.infoA</name>
         <run_address>0x0</run_address>
         <size>0x0</size>
         <contents>
         </contents>
      </logical_group>
      <logical_group id="lg-13" display="no" color="cyan">
         <name>.infoB</name>
         <run_address>0x0</run_address>
         <size>0x0</size>
         <contents>
         </contents>
      </logical_group>
      <logical_group id="lg-14" display="no" color="cyan">
         <name>.infoC</name>
         <run_address>0x0</run_address>
         <size>0x0</size>
         <contents>
         </contents>
      </logical_group>
      <logical_group id="lg-15" display="no" color="cyan">
         <name>.infoD</name>
         <run_address>0x0</run_address>
         <size>0x0</size>
         <contents>
         </contents>
      </logical_group>
      <logical_group id="lg-16" display="no" color="cyan">
         <name>.int00</name>
         <run_address>0x0</run_address>
         <size>0x0</size>
         <contents>
         </contents>
      </logical_group>
      <logical_group id="lg-17" display="no" color="cyan">
         <name>.int01</name>
         <run_address>0x0</run_address>
         <size>0x0</size>
         <contents>
         </contents>
      </logical_group>
      <logical_group id="lg-18" display="no" color="cyan">
         <name>PORT1</name>
         <load_address>0xffe4</load_address>
         <run_address>0xffe4</run_address>
         <size>0x2</size>
         <contents>
            <object_component_ref idref="oc-3e"/>
         </contents>
      </logical_group>
      <logical_group id="lg-1a" display="no" color="cyan">
         <name>PORT2</name>
         <load_address>0xffe6</load_address>
         <run_address>0xffe6</run_address>
         <size>0x2</size>
         <contents>
            <object_component_ref idref="oc-3f"/>
         </contents>
      </logical_group>
      <logical_group id="lg-1c" display="no" color="cyan">
         <name>.int04</name>
         <run_address>0x0</run_address>
         <size>0x0</size>
         <contents>
         </contents>
      </logical_group>
      <logical_group id="lg-1d" display="no" color="cyan">
         <name>ADC10</name>
         <load_address>0xffea</load_address>
         <run_address>0xffea</run_address>
         <size>0x2</size>
         <contents>
            <object_component_ref idref="oc-40"/>
         </contents>
      </logical_group>
      <logical_group id="lg-1f" display="no" color="cyan">
         <name>USCIAB0TX</name>
         <load_address>0xffec</load_address>
         <run_address>0xffec</run_address>
         <size>0x2</size>
         <contents>
            <object_component_ref idref="oc-41"/>
         </contents>
      </logical_group>
      <logical_group id="lg-21" display="no" color="cyan">
         <name>USCIAB0RX</name>
         <load_address>0xffee</load_address>
         <run_address>0xffee</run_address>
         <size>0x2</size>
         <contents>
            <object_component_ref idref="oc-42"/>
         </contents>
      </logical_group>
      <logical_group id="lg-23" display="no" color="cyan">
         <name>TIMERA1</name>
         <load_address>0xfff0</load_address>
         <run_address>0xfff0</run_address>
         <size>0x2</size>
         <contents>
            <object_component_ref idref="oc-43"/>
         </contents>
      </logical_group>
      <logical_group id="lg-25" display="no" color="cyan">
         <name>TIMERA0</name>
         <load_address>0xfff2</load_address>
         <run_address>0xfff2</run_address>
         <size>0x2</size>
         <contents>
            <object_component_ref idref="oc-44"/>
         </contents>
      </logical_group>
      <logical_group id="lg-27" display="no" color="cyan">
         <name>WDT</name>
         <load_address>0xfff4</load_address>
         <run_address>0xfff4</run_address>
         <size>0x2</size>
         <contents>
            <object_component_ref idref="oc-45"/>
         </contents>
      </logical_group>
      <logical_group id="lg-29" display="no" color="cyan">
         <name>.int11</name>
         <run_address>0x0</run_address>
         <size>0x0</size>
         <contents>
         </contents>
      </logical_group>
      <logical_group id="lg-2a" display="no" color="cyan">
         <name>TIMERB1</name>
         <load_address>0xfff8</load_address>
         <run_address>0xfff8</run_address>
         <size>0x2</size>
         <contents>
            <object_component_ref idref="oc-46"/>
         </contents>
      </logical_group>
      <logical_group id="lg-2c" display="no" color="cyan">
         <name>TIMERB0</name>
         <load_address>0xfffa</load_address>
         <run_address>0xfffa</run_address>
         <size>0x2</size>
         <contents>
            <object_component_ref idref="oc-47"/>
         </contents>
      </logical_group>
      <logical_group id="lg-2e" display="no" color="cyan">
         <name>NMI</name>
         <load_address>0xfffc</load_address>
         <run_address>0xfffc</run_address>
         <size>0x2</size>
         <contents>
            <object_component_ref idref="oc-48"/>
         </contents>
      </logical_group>
      <logical_group id="lg-30" display="no" color="cyan">
         <name>.reset</name>
         <load_address>0xfffe</load_address>
         <run_address>0xfffe</run_address>
         <size>0x2</size>
         <contents>
            <object_component_ref idref="oc-af"/>
         </contents>
      </logical_group>
      <logical_group id="lg-22e" display="no" color="cyan">
         <name>.TI.persistent</name>
         <run_address>0x0</run_address>
         <size>0x0</size>
         <contents>
         </contents>
      </logical_group>
      <logical_group id="lg-255" display="never" color="cyan">
         <name>.debug_info</name>
         <load_address>0x0</load_address>
         <run_address>0x0</run_address>
         <size>0x1334</size>
         <contents>
            <object_component_ref idref="oc-219"/>
            <object_component_ref idref="oc-169"/>
            <object_component_ref idref="oc-141"/>
            <object_component_ref idref="oc-229"/>
            <object_component_ref idref="oc-c5"/>
            <object_component_ref idref="oc-1e7"/>
            <object_component_ref idref="oc-1af"/>
            <object_component_ref idref="oc-d8"/>
            <object_component_ref idref="oc-ad"/>
            <object_component_ref idref="oc-e9"/>
            <object_component_ref idref="oc-13b"/>
            <object_component_ref idref="oc-170"/>
            <object_component_ref idref="oc-26f"/>
         </contents>
      </logical_group>
      <logical_group id="lg-257" display="never" color="cyan">
         <name>.debug_line</name>
         <load_address>0x0</load_address>
         <run_address>0x0</run_address>
         <size>0x38e</size>
         <contents>
            <object_component_ref idref="oc-228"/>
            <object_component_ref idref="oc-16c"/>
            <object_component_ref idref="oc-144"/>
            <object_component_ref idref="oc-22c"/>
            <object_component_ref idref="oc-c8"/>
            <object_component_ref idref="oc-1ea"/>
            <object_component_ref idref="oc-1b2"/>
            <object_component_ref idref="oc-db"/>
            <object_component_ref idref="oc-119"/>
            <object_component_ref idref="oc-ed"/>
            <object_component_ref idref="oc-13e"/>
            <object_component_ref idref="oc-174"/>
         </contents>
      </logical_group>
      <logical_group id="lg-259" display="never" color="cyan">
         <name>.debug_frame</name>
         <load_address>0x0</load_address>
         <run_address>0x0</run_address>
         <size>0x128</size>
         <contents>
            <object_component_ref idref="oc-16d"/>
            <object_component_ref idref="oc-145"/>
            <object_component_ref idref="oc-ec"/>
            <object_component_ref idref="oc-13f"/>
            <object_component_ref idref="oc-173"/>
         </contents>
      </logical_group>
      <logical_group id="lg-25b" display="never" color="cyan">
         <name>.debug_abbrev</name>
         <load_address>0x0</load_address>
         <run_address>0x0</run_address>
         <size>0x374</size>
         <contents>
            <object_component_ref idref="oc-227"/>
            <object_component_ref idref="oc-1ae"/>
            <object_component_ref idref="oc-16e"/>
            <object_component_ref idref="oc-22b"/>
            <object_component_ref idref="oc-c7"/>
            <object_component_ref idref="oc-1e9"/>
            <object_component_ref idref="oc-1b1"/>
            <object_component_ref idref="oc-131"/>
            <object_component_ref idref="oc-118"/>
            <object_component_ref idref="oc-147"/>
            <object_component_ref idref="oc-167"/>
            <object_component_ref idref="oc-1b4"/>
            <object_component_ref idref="oc-270"/>
         </contents>
      </logical_group>
      <logical_group id="lg-25d" display="never" color="cyan">
         <name>.debug_str</name>
         <load_address>0x0</load_address>
         <run_address>0x0</run_address>
         <size>0x84d</size>
         <contents>
            <object_component_ref idref="oc-22d"/>
            <object_component_ref idref="oc-c9"/>
            <object_component_ref idref="oc-1eb"/>
            <object_component_ref idref="oc-1b3"/>
         </contents>
      </logical_group>
      <logical_group id="lg-25f" display="never" color="cyan">
         <name>.debug_aranges</name>
         <load_address>0x0</load_address>
         <run_address>0x0</run_address>
         <size>0xc0</size>
         <contents>
            <object_component_ref idref="oc-16a"/>
            <object_component_ref idref="oc-142"/>
            <object_component_ref idref="oc-d9"/>
            <object_component_ref idref="oc-eb"/>
            <object_component_ref idref="oc-13d"/>
            <object_component_ref idref="oc-172"/>
         </contents>
      </logical_group>
      <logical_group id="lg-261" display="never" color="cyan">
         <name>.debug_pubnames</name>
         <load_address>0x0</load_address>
         <run_address>0x0</run_address>
         <size>0xf6</size>
         <contents>
            <object_component_ref idref="oc-16b"/>
            <object_component_ref idref="oc-143"/>
            <object_component_ref idref="oc-da"/>
            <object_component_ref idref="oc-ae"/>
            <object_component_ref idref="oc-ea"/>
            <object_component_ref idref="oc-13c"/>
            <object_component_ref idref="oc-171"/>
         </contents>
      </logical_group>
      <logical_group id="lg-263" display="never" color="cyan">
         <name>.debug_pubtypes</name>
         <load_address>0x0</load_address>
         <run_address>0x0</run_address>
         <size>0x708</size>
         <contents>
            <object_component_ref idref="oc-22a"/>
            <object_component_ref idref="oc-c6"/>
            <object_component_ref idref="oc-1e8"/>
            <object_component_ref idref="oc-1b0"/>
         </contents>
      </logical_group>
      <logical_group id="lg-271" display="no" color="cyan">
         <name>$fill000</name>
         <load_address>0xffde</load_address>
         <run_address>0xffde</run_address>
         <size>0x2</size>
         <contents>
         </contents>
      </logical_group>
      <load_segment id="lg-273" display="no" color="cyan">
         <name>SEGMENT_0</name>
         <run_address>0x5b0</run_address>
         <size>0x50</size>
         <flags>0x6</flags>
         <contents>
            <logical_group_ref idref="lg-6"/>
         </contents>
      </load_segment>
      <load_segment id="lg-274" display="no" color="cyan">
         <name>SEGMENT_1</name>
         <load_address>0x8000</load_address>
         <run_address>0x8000</run_address>
         <size>0xf2</size>
         <flags>0x5</flags>
         <contents>
            <logical_group_ref idref="lg-7"/>
         </contents>
      </load_segment>
      <load_segment id="lg-275" display="no" color="cyan">
         <name>SEGMENT_2</name>
         <load_address>0xffde</load_address>
         <run_address>0xffde</run_address>
         <size>0x2</size>
         <flags>0x4</flags>
         <contents>
            <logical_group_ref idref="lg-271"/>
         </contents>
      </load_segment>
      <load_segment id="lg-276" display="no" color="cyan">
         <name>SEGMENT_3</name>
         <load_address>0xffe4</load_address>
         <run_address>0xffe4</run_address>
         <size>0x4</size>
         <flags>0x4</flags>
         <contents>
            <logical_group_ref idref="lg-18"/>
            <logical_group_ref idref="lg-1a"/>
         </contents>
      </load_segment>
      <load_segment id="lg-277" display="no" color="cyan">
         <name>SEGMENT_4</name>
         <load_address>0xffea</load_address>
         <run_address>0xffea</run_address>
         <size>0xc</size>
         <flags>0x4</flags>
         <contents>
            <logical_group_ref idref="lg-1d"/>
            <logical_group_ref idref="lg-1f"/>
            <logical_group_ref idref="lg-21"/>
            <logical_group_ref idref="lg-23"/>
            <logical_group_ref idref="lg-25"/>
            <logical_group_ref idref="lg-27"/>
         </contents>
      </load_segment>
      <load_segment id="lg-278" display="no" color="cyan">
         <name>SEGMENT_5</name>
         <load_address>0xfff8</load_address>
         <run_address>0xfff8</run_address>
         <size>0x8</size>
         <flags>0x4</flags>
         <contents>
            <logical_group_ref idref="lg-2a"/>
            <logical_group_ref idref="lg-2c"/>
            <logical_group_ref idref="lg-2e"/>
            <logical_group_ref idref="lg-30"/>
         </contents>
      </load_segment>
   </logical_group_list>
   <placement_map>
      <memory_area display="no" color="green">
         <name>SFR</name>
         <page_id>0x0</page_id>
         <origin>0x0</origin>
         <length>0x10</length>
         <used_space>0x0</used_space>
         <unused_space>0x10</unused_space>
         <attributes>RWIX</attributes>
         <usage_details>
         </usage_details>
      </memory_area>
      <memory_area display="yes" color="green">
         <name>PERIPHERALS_8BIT</name>
         <page_id>0x0</page_id>
         <origin>0x10</origin>
         <length>0xf0</length>
         <used_space>0x0</used_space>
         <unused_space>0xf0</unused_space>
         <attributes>RWIX</attributes>
         <usage_details>
         </usage_details>
      </memory_area>
      <memory_area display="yes" color="green">
         <name>PERIPHERALS_16BIT</name>
         <page_id>0x0</page_id>
         <origin>0x100</origin>
         <length>0x100</length>
         <used_space>0x0</used_space>
         <unused_space>0x100</unused_space>
         <attributes>RWIX</attributes>
         <usage_details>
         </usage_details>
      </memory_area>
      <memory_area display="yes" color="green">
         <name>RAM</name>
         <page_id>0x0</page_id>
         <origin>0x200</origin>
         <length>0x400</length>
         <used_space>0x50</used_space>
         <unused_space>0x3b0</unused_space>
         <attributes>RWIX</attributes>
         <usage_details>
            <available_space>
               <start_address>0x200</start_address>
               <size>0x3b0</size>
            </available_space>
            <allocated_space>
               <start_address>0x5b0</start_address>
               <size>0x50</size>
               <logical_group_ref idref="lg-6"/>
            </allocated_space>
         </usage_details>
      </memory_area>
      <memory_area display="no" color="green">
         <name>INFOD</name>
         <page_id>0x0</page_id>
         <origin>0x1000</origin>
         <length>0x40</length>
         <used_space>0x0</used_space>
         <unused_space>0x40</unused_space>
         <attributes>RWIX</attributes>
         <usage_details>
         </usage_details>
      </memory_area>
      <memory_area display="no" color="green">
         <name>INFOC</name>
         <page_id>0x0</page_id>
         <origin>0x1040</origin>
         <length>0x40</length>
         <used_space>0x0</used_space>
         <unused_space>0x40</unused_space>
         <attributes>RWIX</attributes>
         <usage_details>
         </usage_details>
      </memory_area>
      <memory_area display="no" color="green">
         <name>INFOB</name>
         <page_id>0x0</page_id>
         <origin>0x1080</origin>
         <length>0x40</length>
         <used_space>0x0</used_space>
         <unused_space>0x40</unused_space>
         <attributes>RWIX</attributes>
         <usage_details>
         </usage_details>
      </memory_area>
      <memory_area display="no" color="green">
         <name>INFOA</name>
         <page_id>0x0</page_id>
         <origin>0x10c0</origin>
         <length>0x40</length>
         <used_space>0x0</used_space>
         <unused_space>0x40</unused_space>
         <attributes>RWIX</attributes>
         <usage_details>
         </usage_details>
      </memory_area>
      <memory_area display="yes" color="green">
         <name>FLASH</name>
         <page_id>0x0</page_id>
         <origin>0x8000</origin>
         <length>0x7fde</length>
         <used_space>0xf2</used_space>
         <unused_space>0x7eec</unused_space>
         <attributes>RWIX</attributes>
         <usage_details>
            <allocated_space>
               <start_address>0x8000</start_address>
               <size>0x0</size>
               <logical_group_ref idref="lg-d"/>
            </allocated_space>
            <allocated_space>
               <start_address>0x8000</start_address>
               <size>0xf2</size>
               <logical_group_ref idref="lg-7"/>
            </allocated_space>
            <available_space>
               <start_address>0x80f2</start_address>
               <size>0x7eec</size>
            </available_space>
         </usage_details>
      </memory_area>
      <memory_area display="no" color="green">
         <name>BSLSIGNATURE</name>
         <page_id>0x0</page_id>
         <origin>0xffde</origin>
         <length>0x2</length>
         <used_space>0x2</used_space>
         <unused_space>0x0</unused_space>
         <attributes>RWIX</attributes>
         <fill_value>0xffff</fill_value>
         <fill_width>0x10</fill_width>
         <virtual_fill>0x0</virtual_fill>
         <usage_details>
            <allocated_space>
               <start_address>0xffde</start_address>
               <size>0x2</size>
               <logical_group_ref idref="lg-271"/>
            </allocated_space>
         </usage_details>
      </memory_area>
      <memory_area display="no" color="green">
         <name>INT00</name>
         <page_id>0x0</page_id>
         <origin>0xffe0</origin>
         <length>0x2</length>
         <used_space>0x0</used_space>
         <unused_space>0x2</unused_space>
         <attributes>RWIX</attributes>
         <usage_details>
         </usage_details>
      </memory_area>
      <memory_area display="no" color="green">
         <name>INT01</name>
         <page_id>0x0</page_id>
         <origin>0xffe2</origin>
         <length>0x2</length>
         <used_space>0x0</used_space>
         <unused_space>0x2</unused_space>
         <attributes>RWIX</attributes>
         <usage_details>
         </usage_details>
      </memory_area>
      <memory_area display="no" color="green">
         <name>INT02</name>
         <page_id>0x0</page_id>
         <origin>0xffe4</origin>
         <length>0x2</length>
         <used_space>0x2</used_space>
         <unused_space>0x0</unused_space>
         <attributes>RWIX</attributes>
         <usage_details>
            <allocated_space>
               <start_address>0xffe4</start_address>
               <size>0x2</size>
               <logical_group_ref idref="lg-18"/>
            </allocated_space>
         </usage_details>
      </memory_area>
      <memory_area display="no" color="green">
         <name>INT03</name>
         <page_id>0x0</page_id>
         <origin>0xffe6</origin>
         <length>0x2</length>
         <used_space>0x2</used_space>
         <unused_space>0x0</unused_space>
         <attributes>RWIX</attributes>
         <usage_details>
            <allocated_space>
               <start_address>0xffe6</start_address>
               <size>0x2</size>
               <logical_group_ref idref="lg-1a"/>
            </allocated_space>
         </usage_details>
      </memory_area>
      <memory_area display="no" color="green">
         <name>INT04</name>
         <page_id>0x0</page_id>
         <origin>0xffe8</origin>
         <length>0x2</length>
         <used_space>0x0</used_space>
         <unused_space>0x2</unused_space>
         <attributes>RWIX</attributes>
         <usage_details>
         </usage_details>
      </memory_area>
      <memory_area display="no" color="green">
         <name>INT05</name>
         <page_id>0x0</page_id>
         <origin>0xffea</origin>
         <length>0x2</length>
         <used_space>0x2</used_space>
         <unused_space>0x0</unused_space>
         <attributes>RWIX</attributes>
         <usage_details>
            <allocated_space>
               <start_address>0xffea</start_address>
               <size>0x2</size>
               <logical_group_ref idref="lg-1d"/>
            </allocated_space>
         </usage_details>
      </memory_area>
      <memory_area display="no" color="green">
         <name>INT06</name>
         <page_id>0x0</page_id>
         <origin>0xffec</origin>
         <length>0x2</length>
         <used_space>0x2</used_space>
         <unused_space>0x0</unused_space>
         <attributes>RWIX</attributes>
         <usage_details>
            <allocated_space>
               <start_address>0xffec</start_address>
               <size>0x2</size>
               <logical_group_ref idref="lg-1f"/>
            </allocated_space>
         </usage_details>
      </memory_area>
      <memory_area display="no" color="green">
         <name>INT07</name>
         <page_id>0x0</page_id>
         <origin>0xffee</origin>
         <length>0x2</length>
         <used_space>0x2</used_space>
         <unused_space>0x0</unused_space>
         <attributes>RWIX</attributes>
         <usage_details>
            <allocated_space>
               <start_address>0xffee</start_address>
               <size>0x2</size>
               <logical_group_ref idref="lg-21"/>
            </allocated_space>
         </usage_details>
      </memory_area>
      <memory_area display="no" color="green">
         <name>INT08</name>
         <page_id>0x0</page_id>
         <origin>0xfff0</origin>
         <length>0x2</length>
         <used_space>0x2</used_space>
         <unused_space>0x0</unused_space>
         <attributes>RWIX</attributes>
         <usage_details>
            <allocated_space>
               <start_address>0xfff0</start_address>
               <size>0x2</size>
               <logical_group_ref idref="lg-23"/>
            </allocated_space>
         </usage_details>
      </memory_area>
      <memory_area display="no" color="green">
         <name>INT09</name>
         <page_id>0x0</page_id>
         <origin>0xfff2</origin>
         <length>0x2</length>
         <used_space>0x2</used_space>
         <unused_space>0x0</unused_space>
         <attributes>RWIX</attributes>
         <usage_details>
            <allocated_space>
               <start_address>0xfff2</start_address>
               <size>0x2</size>
               <logical_group_ref idref="lg-25"/>
            </allocated_space>
         </usage_details>
      </memory_area>
      <memory_area display="no" color="green">
         <name>INT10</name>
         <page_id>0x0</page_id>
         <origin>0xfff4</origin>
         <length>0x2</length>
         <used_space>0x2</used_space>
         <unused_space>0x0</unused_space>
         <attributes>RWIX</attributes>
         <usage_details>
            <allocated_space>
               <start_address>0xfff4</start_address>
               <size>0x2</size>
               <logical_group_ref idref="lg-27"/>
            </allocated_space>
         </usage_details>
      </memory_area>
      <memory_area display="no" color="green">
         <name>INT11</name>
         <page_id>0x0</page_id>
         <origin>0xfff6</origin>
         <length>0x2</length>
         <used_space>0x0</used_space>
         <unused_space>0x2</unused_space>
         <attributes>RWIX</attributes>
         <usage_details>
         </usage_details>
      </memory_area>
      <memory_area display="no" color="green">
         <name>INT12</name>
         <page_id>0x0</page_id>
         <origin>0xfff8</origin>
         <length>0x2</length>
         <used_space>0x2</used_space>
         <unused_space>0x0</unused_space>
         <attributes>RWIX</attributes>
         <usage_details>
            <allocated_space>
               <start_address>0xfff8</start_address>
               <size>0x2</size>
               <logical_group_ref idref="lg-2a"/>
            </allocated_space>
         </usage_details>
      </memory_area>
      <memory_area display="no" color="green">
         <name>INT13</name>
         <page_id>0x0</page_id>
         <origin>0xfffa</origin>
         <length>0x2</length>
         <used_space>0x2</used_space>
         <unused_space>0x0</unused_space>
         <attributes>RWIX</attributes>
         <usage_details>
            <allocated_space>
               <start_address>0xfffa</start_address>
               <size>0x2</size>
               <logical_group_ref idref="lg-2c"/>
            </allocated_space>
         </usage_details>
      </memory_area>
      <memory_area display="no" color="green">
         <name>INT14</name>
         <page_id>0x0</page_id>
         <origin>0xfffc</origin>
         <length>0x2</length>
         <used_space>0x2</used_space>
         <unused_space>0x0</unused_space>
         <attributes>RWIX</attributes>
         <usage_details>
            <allocated_space>
               <start_address>0xfffc</start_address>
               <size>0x2</size>
               <logical_group_ref idref="lg-2e"/>
            </allocated_space>
         </usage_details>
      </memory_area>
      <memory_area display="no" color="green">
         <name>RESET</name>
         <page_id>0x0</page_id>
         <origin>0xfffe</origin>
         <length>0x2</length>
         <used_space>0x2</used_space>
         <unused_space>0x0</unused_space>
         <attributes>RWIX</attributes>
         <usage_details>
            <allocated_space>
               <start_address>0xfffe</start_address>
               <size>0x2</size>
               <logical_group_ref idref="lg-30"/>
            </allocated_space>
         </usage_details>
      </memory_area>
   </placement_map>
   <symbol_table>
      <symbol id="sm-1">
         <name>IE1</name>
         <value>0x0</value>
      </symbol>
      <symbol id="sm-2">
         <name>IFG1</name>
         <value>0x2</value>
      </symbol>
      <symbol id="sm-3">
         <name>IE2</name>
         <value>0x1</value>
      </symbol>
      <symbol id="sm-4">
         <name>IFG2</name>
         <value>0x3</value>
      </symbol>
      <symbol id="sm-5">
         <name>ADC10DTC0</name>
         <value>0x48</value>
      </symbol>
      <symbol id="sm-6">
         <name>ADC10DTC1</name>
         <value>0x49</value>
      </symbol>
      <symbol id="sm-7">
         <name>ADC10AE0</name>
         <value>0x4a</value>
      </symbol>
      <symbol id="sm-8">
         <name>ADC10AE1</name>
         <value>0x4b</value>
      </symbol>
      <symbol id="sm-9">
         <name>ADC10CTL0</name>
         <value>0x1b0</value>
      </symbol>
      <symbol id="sm-a">
         <name>ADC10CTL1</name>
         <value>0x1b2</value>
      </symbol>
      <symbol id="sm-b">
         <name>ADC10MEM</name>
         <value>0x1b4</value>
      </symbol>
      <symbol id="sm-c">
         <name>ADC10SA</name>
         <value>0x1bc</value>
      </symbol>
      <symbol id="sm-d">
         <name>DCOCTL</name>
         <value>0x56</value>
      </symbol>
      <symbol id="sm-e">
         <name>BCSCTL1</name>
         <value>0x57</value>
      </symbol>
      <symbol id="sm-f">
         <name>BCSCTL2</name>
         <value>0x58</value>
      </symbol>
      <symbol id="sm-10">
         <name>BCSCTL3</name>
         <value>0x53</value>
      </symbol>
      <symbol id="sm-11">
         <name>FCTL1</name>
         <value>0x128</value>
      </symbol>
      <symbol id="sm-12">
         <name>FCTL2</name>
         <value>0x12a</value>
      </symbol>
      <symbol id="sm-13">
         <name>FCTL3</name>
         <value>0x12c</value>
      </symbol>
      <symbol id="sm-14">
         <name>OA0CTL0</name>
         <value>0xc0</value>
      </symbol>
      <symbol id="sm-15">
         <name>OA0CTL1</name>
         <value>0xc1</value>
      </symbol>
      <symbol id="sm-16">
         <name>OA1CTL0</name>
         <value>0xc2</value>
      </symbol>
      <symbol id="sm-17">
         <name>OA1CTL1</name>
         <value>0xc3</value>
      </symbol>
      <symbol id="sm-18">
         <name>P1IN</name>
         <value>0x20</value>
      </symbol>
      <symbol id="sm-19">
         <name>P1OUT</name>
         <value>0x21</value>
      </symbol>
      <symbol id="sm-1a">
         <name>P1DIR</name>
         <value>0x22</value>
      </symbol>
      <symbol id="sm-1b">
         <name>P1IFG</name>
         <value>0x23</value>
      </symbol>
      <symbol id="sm-1c">
         <name>P1IES</name>
         <value>0x24</value>
      </symbol>
      <symbol id="sm-1d">
         <name>P1IE</name>
         <value>0x25</value>
      </symbol>
      <symbol id="sm-1e">
         <name>P1SEL</name>
         <value>0x26</value>
      </symbol>
      <symbol id="sm-1f">
         <name>P1REN</name>
         <value>0x27</value>
      </symbol>
      <symbol id="sm-20">
         <name>P2IN</name>
         <value>0x28</value>
      </symbol>
      <symbol id="sm-21">
         <name>P2OUT</name>
         <value>0x29</value>
      </symbol>
      <symbol id="sm-22">
         <name>P2DIR</name>
         <value>0x2a</value>
      </symbol>
      <symbol id="sm-23">
         <name>P2IFG</name>
         <value>0x2b</value>
      </symbol>
      <symbol id="sm-24">
         <name>P2IES</name>
         <value>0x2c</value>
      </symbol>
      <symbol id="sm-25">
         <name>P2IE</name>
         <value>0x2d</value>
      </symbol>
      <symbol id="sm-26">
         <name>P2SEL</name>
         <value>0x2e</value>
      </symbol>
      <symbol id="sm-27">
         <name>P2REN</name>
         <value>0x2f</value>
      </symbol>
      <symbol id="sm-28">
         <name>P3IN</name>
         <value>0x18</value>
      </symbol>
      <symbol id="sm-29">
         <name>P3OUT</name>
         <value>0x19</value>
      </symbol>
      <symbol id="sm-2a">
         <name>P3DIR</name>
         <value>0x1a</value>
      </symbol>
      <symbol id="sm-2b">
         <name>P3SEL</name>
         <value>0x1b</value>
      </symbol>
      <symbol id="sm-2c">
         <name>P3REN</name>
         <value>0x10</value>
      </symbol>
      <symbol id="sm-2d">
         <name>P4IN</name>
         <value>0x1c</value>
      </symbol>
      <symbol id="sm-2e">
         <name>P4OUT</name>
         <value>0x1d</value>
      </symbol>
      <symbol id="sm-2f">
         <name>P4DIR</name>
         <value>0x1e</value>
      </symbol>
      <symbol id="sm-30">
         <name>P4SEL</name>
         <value>0x1f</value>
      </symbol>
      <symbol id="sm-31">
         <name>P4REN</name>
         <value>0x11</value>
      </symbol>
      <symbol id="sm-32">
         <name>TAIV</name>
         <value>0x12e</value>
      </symbol>
      <symbol id="sm-33">
         <name>TACTL</name>
         <value>0x160</value>
      </symbol>
      <symbol id="sm-34">
         <name>TACCTL0</name>
         <value>0x162</value>
      </symbol>
      <symbol id="sm-35">
         <name>TACCTL1</name>
         <value>0x164</value>
      </symbol>
      <symbol id="sm-36">
         <name>TACCTL2</name>
         <value>0x166</value>
      </symbol>
      <symbol id="sm-37">
         <name>TAR</name>
         <value>0x170</value>
      </symbol>
      <symbol id="sm-38">
         <name>TACCR0</name>
         <value>0x172</value>
      </symbol>
      <symbol id="sm-39">
         <name>TACCR1</name>
         <value>0x174</value>
      </symbol>
      <symbol id="sm-3a">
         <name>TACCR2</name>
         <value>0x176</value>
      </symbol>
      <symbol id="sm-3b">
         <name>TBIV</name>
         <value>0x11e</value>
      </symbol>
      <symbol id="sm-3c">
         <name>TBCTL</name>
         <value>0x180</value>
      </symbol>
      <symbol id="sm-3d">
         <name>TBCCTL0</name>
         <value>0x182</value>
      </symbol>
      <symbol id="sm-3e">
         <name>TBCCTL1</name>
         <value>0x184</value>
      </symbol>
      <symbol id="sm-3f">
         <name>TBCCTL2</name>
         <value>0x186</value>
      </symbol>
      <symbol id="sm-40">
         <name>TBR</name>
         <value>0x190</value>
      </symbol>
      <symbol id="sm-41">
         <name>TBCCR0</name>
         <value>0x192</value>
      </symbol>
      <symbol id="sm-42">
         <name>TBCCR1</name>
         <value>0x194</value>
      </symbol>
      <symbol id="sm-43">
         <name>TBCCR2</name>
         <value>0x196</value>
      </symbol>
      <symbol id="sm-44">
         <name>UCA0CTL0</name>
         <value>0x60</value>
      </symbol>
      <symbol id="sm-45">
         <name>UCA0CTL1</name>
         <value>0x61</value>
      </symbol>
      <symbol id="sm-46">
         <name>UCA0BR0</name>
         <value>0x62</value>
      </symbol>
      <symbol id="sm-47">
         <name>UCA0BR1</name>
         <value>0x63</value>
      </symbol>
      <symbol id="sm-48">
         <name>UCA0MCTL</name>
         <value>0x64</value>
      </symbol>
      <symbol id="sm-49">
         <name>UCA0STAT</name>
         <value>0x65</value>
      </symbol>
      <symbol id="sm-4a">
         <name>UCA0RXBUF</name>
         <value>0x66</value>
      </symbol>
      <symbol id="sm-4b">
         <name>UCA0TXBUF</name>
         <value>0x67</value>
      </symbol>
      <symbol id="sm-4c">
         <name>UCA0ABCTL</name>
         <value>0x5d</value>
      </symbol>
      <symbol id="sm-4d">
         <name>UCA0IRTCTL</name>
         <value>0x5e</value>
      </symbol>
      <symbol id="sm-4e">
         <name>UCA0IRRCTL</name>
         <value>0x5f</value>
      </symbol>
      <symbol id="sm-4f">
         <name>UCB0CTL0</name>
         <value>0x68</value>
      </symbol>
      <symbol id="sm-50">
         <name>UCB0CTL1</name>
         <value>0x69</value>
      </symbol>
      <symbol id="sm-51">
         <name>UCB0BR0</name>
         <value>0x6a</value>
      </symbol>
      <symbol id="sm-52">
         <name>UCB0BR1</name>
         <value>0x6b</value>
      </symbol>
      <symbol id="sm-53">
         <name>UCB0I2CIE</name>
         <value>0x6c</value>
      </symbol>
      <symbol id="sm-54">
         <name>UCB0STAT</name>
         <value>0x6d</value>
      </symbol>
      <symbol id="sm-55">
         <name>UCB0RXBUF</name>
         <value>0x6e</value>
      </symbol>
      <symbol id="sm-56">
         <name>UCB0TXBUF</name>
         <value>0x6f</value>
      </symbol>
      <symbol id="sm-57">
         <name>UCB0I2COA</name>
         <value>0x118</value>
      </symbol>
      <symbol id="sm-58">
         <name>UCB0I2CSA</name>
         <value>0x11a</value>
      </symbol>
      <symbol id="sm-59">
         <name>WDTCTL</name>
         <value>0x120</value>
      </symbol>
      <symbol id="sm-5a">
         <name>CALDCO_16MHZ</name>
         <value>0x10f8</value>
      </symbol>
      <symbol id="sm-5b">
         <name>CALBC1_16MHZ</name>
         <value>0x10f9</value>
      </symbol>
      <symbol id="sm-5c">
         <name>CALDCO_12MHZ</name>
         <value>0x10fa</value>
      </symbol>
      <symbol id="sm-5d">
         <name>CALBC1_12MHZ</name>
         <value>0x10fb</value>
      </symbol>
      <symbol id="sm-5e">
         <name>CALDCO_8MHZ</name>
         <value>0x10fc</value>
      </symbol>
      <symbol id="sm-5f">
         <name>CALBC1_8MHZ</name>
         <value>0x10fd</value>
      </symbol>
      <symbol id="sm-60">
         <name>CALDCO_1MHZ</name>
         <value>0x10fe</value>
      </symbol>
      <symbol id="sm-61">
         <name>CALBC1_1MHZ</name>
         <value>0x10ff</value>
      </symbol>
      <symbol id="sm-62">
         <name>__STACK_SIZE</name>
         <value>0x50</value>
      </symbol>
      <symbol id="sm-63">
         <name>__STACK_END</name>
         <value>0x600</value>
      </symbol>
      <symbol id="sm-64">
         <name>__c_args__</name>
         <value>0xffffffff</value>
      </symbol>
      <symbol id="sm-65">
         <name>__TI_pprof_out_hndl</name>
         <value>0xffffffff</value>
      </symbol>
      <symbol id="sm-66">
         <name>__TI_prof_data_start</name>
         <value>0xffffffff</value>
      </symbol>
      <symbol id="sm-67">
         <name>__TI_prof_data_size</name>
         <value>0xffffffff</value>
      </symbol>
      <symbol id="sm-bf">
         <name>main</name>
         <value>0x8000</value>
         <object_component_ref idref="oc-140"/>
      </symbol>
      <symbol id="sm-c0">
         <name>max7221_send</name>
         <value>0x80aa</value>
         <object_component_ref idref="oc-168"/>
      </symbol>
      <symbol id="sm-c4">
         <name>__TI_int02</name>
         <value>0xffe4</value>
         <object_component_ref idref="oc-3e"/>
      </symbol>
      <symbol id="sm-c7">
         <name>__TI_int03</name>
         <value>0xffe6</value>
         <object_component_ref idref="oc-3f"/>
      </symbol>
      <symbol id="sm-ca">
         <name>__TI_int05</name>
         <value>0xffea</value>
         <object_component_ref idref="oc-40"/>
      </symbol>
      <symbol id="sm-cd">
         <name>__TI_int06</name>
         <value>0xffec</value>
         <object_component_ref idref="oc-41"/>
      </symbol>
      <symbol id="sm-d0">
         <name>__TI_int07</name>
         <value>0xffee</value>
         <object_component_ref idref="oc-42"/>
      </symbol>
      <symbol id="sm-d3">
         <name>__TI_int08</name>
         <value>0xfff0</value>
         <object_component_ref idref="oc-43"/>
      </symbol>
      <symbol id="sm-d6">
         <name>__TI_int09</name>
         <value>0xfff2</value>
         <object_component_ref idref="oc-44"/>
      </symbol>
      <symbol id="sm-d9">
         <name>__TI_int10</name>
         <value>0xfff4</value>
         <object_component_ref idref="oc-45"/>
      </symbol>
      <symbol id="sm-dc">
         <name>__TI_int12</name>
         <value>0xfff8</value>
         <object_component_ref idref="oc-46"/>
      </symbol>
      <symbol id="sm-df">
         <name>__TI_int13</name>
         <value>0xfffa</value>
         <object_component_ref idref="oc-47"/>
      </symbol>
      <symbol id="sm-e2">
         <name>__TI_int14</name>
         <value>0xfffc</value>
         <object_component_ref idref="oc-48"/>
      </symbol>
      <symbol id="sm-ea">
         <name>__TI_ISR_TRAP</name>
         <value>0x80e0</value>
         <object_component_ref idref="oc-d7"/>
      </symbol>
      <symbol id="sm-f9">
         <name>_c_int00_noinit_noargs</name>
         <value>0x80cc</value>
         <object_component_ref idref="oc-e8"/>
      </symbol>
      <symbol id="sm-fa">
         <name>_stack</name>
         <value>0x5b0</value>
         <object_component_ref idref="oc-ac"/>
      </symbol>
      <symbol id="sm-fb">
         <name>_reset_vector</name>
         <value>0xfffe</value>
         <object_component_ref idref="oc-af"/>
      </symbol>
      <symbol id="sm-108">
         <name>_system_pre_init</name>
         <value>0x80ee</value>
         <object_component_ref idref="oc-13a"/>
      </symbol>
      <symbol id="sm-115">
         <name>C$$EXIT</name>
         <value>0x80e8</value>
         <object_component_ref idref="oc-16f"/>
      </symbol>
      <symbol id="sm-116">
         <name>abort</name>
         <value>0x80e8</value>
         <object_component_ref idref="oc-16f"/>
      </symbol>
   </symbol_table>
   <title>Link successful</title>
</link_info>
