<?xml version="1.0" encoding="ISO-8859-1" ?>
<link_info>
   <banner>MSP430 Linker PC v18.12.1.LTS</banner>
   <copyright>Copyright (c) 2003-2018 Texas Instruments Incorporated</copyright>
   <link_time>0x5d137755</link_time>
   <link_errors>0x0</link_errors>
   <output_file>8_2a_flash.out</output_file>
   <entry_point>
      <name>_c_int00_noinit_noargs</name>
      <address>0x8090</address>
   </entry_point>
   <input_file_list>
      <input_file id="fl-2">
         <path>.\</path>
         <kind>object</kind>
         <file>main.obj</file>
         <name>main.obj</name>
      </input_file>
      <input_file id="fl-7">
         <kind>object</kind>
         <file>&lt;internal&gt;</file>
         <name>&lt;internal&gt;</name>
      </input_file>
      <input_file id="fl-1d">
         <path>C:\ti\ccs900\ccs\tools\compiler\ti-cgt-msp430_18.12.1.LTS\lib\</path>
         <kind>archive</kind>
         <file>rts430_eabi.lib</file>
         <name>int02.asm.obj</name>
      </input_file>
      <input_file id="fl-1e">
         <path>C:\ti\ccs900\ccs\tools\compiler\ti-cgt-msp430_18.12.1.LTS\lib\</path>
         <kind>archive</kind>
         <file>rts430_eabi.lib</file>
         <name>int05.asm.obj</name>
      </input_file>
      <input_file id="fl-1f">
         <path>C:\ti\ccs900\ccs\tools\compiler\ti-cgt-msp430_18.12.1.LTS\lib\</path>
         <kind>archive</kind>
         <file>rts430_eabi.lib</file>
         <name>int06.asm.obj</name>
      </input_file>
      <input_file id="fl-20">
         <path>C:\ti\ccs900\ccs\tools\compiler\ti-cgt-msp430_18.12.1.LTS\lib\</path>
         <kind>archive</kind>
         <file>rts430_eabi.lib</file>
         <name>int07.asm.obj</name>
      </input_file>
      <input_file id="fl-21">
         <path>C:\ti\ccs900\ccs\tools\compiler\ti-cgt-msp430_18.12.1.LTS\lib\</path>
         <kind>archive</kind>
         <file>rts430_eabi.lib</file>
         <name>int08.asm.obj</name>
      </input_file>
      <input_file id="fl-22">
         <path>C:\ti\ccs900\ccs\tools\compiler\ti-cgt-msp430_18.12.1.LTS\lib\</path>
         <kind>archive</kind>
         <file>rts430_eabi.lib</file>
         <name>int09.asm.obj</name>
      </input_file>
      <input_file id="fl-23">
         <path>C:\ti\ccs900\ccs\tools\compiler\ti-cgt-msp430_18.12.1.LTS\lib\</path>
         <kind>archive</kind>
         <file>rts430_eabi.lib</file>
         <name>int10.asm.obj</name>
      </input_file>
      <input_file id="fl-24">
         <path>C:\ti\ccs900\ccs\tools\compiler\ti-cgt-msp430_18.12.1.LTS\lib\</path>
         <kind>archive</kind>
         <file>rts430_eabi.lib</file>
         <name>int12.asm.obj</name>
      </input_file>
      <input_file id="fl-25">
         <path>C:\ti\ccs900\ccs\tools\compiler\ti-cgt-msp430_18.12.1.LTS\lib\</path>
         <kind>archive</kind>
         <file>rts430_eabi.lib</file>
         <name>int13.asm.obj</name>
      </input_file>
      <input_file id="fl-26">
         <path>C:\ti\ccs900\ccs\tools\compiler\ti-cgt-msp430_18.12.1.LTS\lib\</path>
         <kind>archive</kind>
         <file>rts430_eabi.lib</file>
         <name>int14.asm.obj</name>
      </input_file>
      <input_file id="fl-27">
         <path>C:\ti\ccs900\ccs\tools\compiler\ti-cgt-msp430_18.12.1.LTS\lib\</path>
         <kind>archive</kind>
         <file>rts430_eabi.lib</file>
         <name>isr_trap.asm.obj</name>
      </input_file>
      <input_file id="fl-28">
         <path>C:\ti\ccs900\ccs\tools\compiler\ti-cgt-msp430_18.12.1.LTS\lib\</path>
         <kind>archive</kind>
         <file>rts430_eabi.lib</file>
         <name>boot.c.obj</name>
      </input_file>
      <input_file id="fl-29">
         <path>C:\ti\ccs900\ccs\tools\compiler\ti-cgt-msp430_18.12.1.LTS\lib\</path>
         <kind>archive</kind>
         <file>rts430_eabi.lib</file>
         <name>autoinit.c.obj</name>
      </input_file>
      <input_file id="fl-2a">
         <path>C:\ti\ccs900\ccs\tools\compiler\ti-cgt-msp430_18.12.1.LTS\lib\</path>
         <kind>archive</kind>
         <file>rts430_eabi.lib</file>
         <name>copy_zero_init.c.obj</name>
      </input_file>
      <input_file id="fl-2b">
         <path>C:\ti\ccs900\ccs\tools\compiler\ti-cgt-msp430_18.12.1.LTS\lib\</path>
         <kind>archive</kind>
         <file>rts430_eabi.lib</file>
         <name>cpy_tbl.c.obj</name>
      </input_file>
      <input_file id="fl-2c">
         <path>C:\ti\ccs900\ccs\tools\compiler\ti-cgt-msp430_18.12.1.LTS\lib\</path>
         <kind>archive</kind>
         <file>rts430_eabi.lib</file>
         <name>mpu_init.c.obj</name>
      </input_file>
      <input_file id="fl-2d">
         <path>C:\ti\ccs900\ccs\tools\compiler\ti-cgt-msp430_18.12.1.LTS\lib\</path>
         <kind>archive</kind>
         <file>rts430_eabi.lib</file>
         <name>pre_init.c.obj</name>
      </input_file>
      <input_file id="fl-2e">
         <path>C:\ti\ccs900\ccs\tools\compiler\ti-cgt-msp430_18.12.1.LTS\lib\</path>
         <kind>archive</kind>
         <file>rts430_eabi.lib</file>
         <name>startup.c.obj</name>
      </input_file>
      <input_file id="fl-2f">
         <path>C:\ti\ccs900\ccs\tools\compiler\ti-cgt-msp430_18.12.1.LTS\lib\</path>
         <kind>archive</kind>
         <file>rts430_eabi.lib</file>
         <name>copy_decompress_none.c.obj</name>
      </input_file>
      <input_file id="fl-30">
         <path>C:\ti\ccs900\ccs\tools\compiler\ti-cgt-msp430_18.12.1.LTS\lib\</path>
         <kind>archive</kind>
         <file>rts430_eabi.lib</file>
         <name>copy_decompress_lzss.c.obj</name>
      </input_file>
      <input_file id="fl-31">
         <path>C:\ti\ccs900\ccs\tools\compiler\ti-cgt-msp430_18.12.1.LTS\lib\</path>
         <kind>archive</kind>
         <file>rts430_eabi.lib</file>
         <name>exit.c.obj</name>
      </input_file>
      <input_file id="fl-32">
         <path>C:\ti\ccs900\ccs\tools\compiler\ti-cgt-msp430_18.12.1.LTS\lib\</path>
         <kind>archive</kind>
         <file>rts430_eabi.lib</file>
         <name>_lock.c.obj</name>
      </input_file>
      <input_file id="fl-33">
         <path>C:\ti\ccs900\ccs\tools\compiler\ti-cgt-msp430_18.12.1.LTS\lib\</path>
         <kind>archive</kind>
         <file>rts430_eabi.lib</file>
         <name>args_main.c.obj</name>
      </input_file>
      <input_file id="fl-34">
         <path>C:\ti\ccs900\ccs\tools\compiler\ti-cgt-msp430_18.12.1.LTS\lib\</path>
         <kind>archive</kind>
         <file>rts430_eabi.lib</file>
         <name>memcpy.c.obj</name>
      </input_file>
      <input_file id="fl-35">
         <path>C:\ti\ccs900\ccs\tools\compiler\ti-cgt-msp430_18.12.1.LTS\lib\</path>
         <kind>archive</kind>
         <file>rts430_eabi.lib</file>
         <name>epilog.asm.obj</name>
      </input_file>
      <input_file id="fl-36">
         <path>C:\ti\ccs900\ccs\tools\compiler\ti-cgt-msp430_18.12.1.LTS\lib\</path>
         <kind>archive</kind>
         <file>rts430_eabi.lib</file>
         <name>lsl16.asm.obj</name>
      </input_file>
      <input_file id="fl-37">
         <path>C:\ti\ccs900\ccs\tools\compiler\ti-cgt-msp430_18.12.1.LTS\lib\</path>
         <kind>archive</kind>
         <file>rts430_eabi.lib</file>
         <name>lsr16.asm.obj</name>
      </input_file>
      <input_file id="fl-38">
         <path>C:\ti\ccs900\ccs\tools\compiler\ti-cgt-msp430_18.12.1.LTS\lib\</path>
         <kind>archive</kind>
         <file>rts430_eabi.lib</file>
         <name>mult16.asm.obj</name>
      </input_file>
      <input_file id="fl-39">
         <path>C:\ti\ccs900\ccs\tools\compiler\ti-cgt-msp430_18.12.1.LTS\lib\</path>
         <kind>archive</kind>
         <file>rts430_eabi.lib</file>
         <name>exit_gvars.c.obj</name>
      </input_file>
   </input_file_list>
   <object_component_list>
      <object_component id="oc-ac">
         <name>.stack</name>
         <uninitialized>true</uninitialized>
         <run_address>0x5b0</run_address>
         <size>0x2</size>
         <input_file_ref idref="fl-28"/>
      </object_component>
      <object_component id="oc-288">
         <name>.stack</name>
         <uninitialized>true</uninitialized>
         <run_address>0x5b0</run_address>
         <size>0x0</size>
      </object_component>
      <object_component id="oc-147">
         <name>.text:main</name>
         <load_address>0x8000</load_address>
         <run_address>0x8000</run_address>
         <size>0x54</size>
         <input_file_ref idref="fl-2"/>
      </object_component>
      <object_component id="oc-178">
         <name>.text:flash_erase</name>
         <load_address>0x8054</load_address>
         <run_address>0x8054</run_address>
         <size>0x1e</size>
         <input_file_ref idref="fl-2"/>
      </object_component>
      <object_component id="oc-17e">
         <name>.text:flash_write</name>
         <load_address>0x8072</load_address>
         <run_address>0x8072</run_address>
         <size>0x1e</size>
         <input_file_ref idref="fl-2"/>
      </object_component>
      <object_component id="oc-ee">
         <name>.text:_c_int00_noinit_noargs</name>
         <load_address>0x8090</load_address>
         <run_address>0x8090</run_address>
         <size>0x14</size>
         <input_file_ref idref="fl-28"/>
      </object_component>
      <object_component id="oc-dc">
         <name>.text:PORT2_ISR</name>
         <load_address>0x80a4</load_address>
         <run_address>0x80a4</run_address>
         <size>0x12</size>
         <input_file_ref idref="fl-2"/>
      </object_component>
      <object_component id="oc-d7">
         <name>.text:_isr:__TI_ISR_TRAP</name>
         <load_address>0x80b6</load_address>
         <run_address>0x80b6</run_address>
         <size>0x8</size>
         <input_file_ref idref="fl-27"/>
      </object_component>
      <object_component id="oc-172">
         <name>.text:flash_init</name>
         <load_address>0x80be</load_address>
         <run_address>0x80be</run_address>
         <size>0x8</size>
         <input_file_ref idref="fl-2"/>
      </object_component>
      <object_component id="oc-185">
         <name>.text:abort</name>
         <load_address>0x80c6</load_address>
         <run_address>0x80c6</run_address>
         <size>0x6</size>
         <input_file_ref idref="fl-31"/>
      </object_component>
      <object_component id="oc-141">
         <name>.text:_system_pre_init</name>
         <load_address>0x80cc</load_address>
         <run_address>0x80cc</run_address>
         <size>0x4</size>
         <input_file_ref idref="fl-2d"/>
      </object_component>
      <object_component id="oc-16f">
         <name>.const</name>
         <load_address>0x80d0</load_address>
         <run_address>0x80d0</run_address>
         <size>0x2</size>
         <input_file_ref idref="fl-2"/>
      </object_component>
      <object_component id="oc-249">
         <name>.binit</name>
         <load_address>0x8000</load_address>
         <run_address>0x8000</run_address>
         <size>0x0</size>
      </object_component>
      <object_component id="oc-3e">
         <name>.int02</name>
         <load_address>0xffe4</load_address>
         <run_address>0xffe4</run_address>
         <size>0x2</size>
         <input_file_ref idref="fl-1d"/>
      </object_component>
      <object_component id="oc-3f">
         <name>.int03</name>
         <load_address>0xffe6</load_address>
         <run_address>0xffe6</run_address>
         <size>0x2</size>
         <input_file_ref idref="fl-2"/>
      </object_component>
      <object_component id="oc-40">
         <name>.int05</name>
         <load_address>0xffea</load_address>
         <run_address>0xffea</run_address>
         <size>0x2</size>
         <input_file_ref idref="fl-1e"/>
      </object_component>
      <object_component id="oc-41">
         <name>.int06</name>
         <load_address>0xffec</load_address>
         <run_address>0xffec</run_address>
         <size>0x2</size>
         <input_file_ref idref="fl-1f"/>
      </object_component>
      <object_component id="oc-42">
         <name>.int07</name>
         <load_address>0xffee</load_address>
         <run_address>0xffee</run_address>
         <size>0x2</size>
         <input_file_ref idref="fl-20"/>
      </object_component>
      <object_component id="oc-43">
         <name>.int08</name>
         <load_address>0xfff0</load_address>
         <run_address>0xfff0</run_address>
         <size>0x2</size>
         <input_file_ref idref="fl-21"/>
      </object_component>
      <object_component id="oc-44">
         <name>.int09</name>
         <load_address>0xfff2</load_address>
         <run_address>0xfff2</run_address>
         <size>0x2</size>
         <input_file_ref idref="fl-22"/>
      </object_component>
      <object_component id="oc-45">
         <name>.int10</name>
         <load_address>0xfff4</load_address>
         <run_address>0xfff4</run_address>
         <size>0x2</size>
         <input_file_ref idref="fl-23"/>
      </object_component>
      <object_component id="oc-46">
         <name>.int12</name>
         <load_address>0xfff8</load_address>
         <run_address>0xfff8</run_address>
         <size>0x2</size>
         <input_file_ref idref="fl-24"/>
      </object_component>
      <object_component id="oc-47">
         <name>.int13</name>
         <load_address>0xfffa</load_address>
         <run_address>0xfffa</run_address>
         <size>0x2</size>
         <input_file_ref idref="fl-25"/>
      </object_component>
      <object_component id="oc-48">
         <name>.int14</name>
         <load_address>0xfffc</load_address>
         <run_address>0xfffc</run_address>
         <size>0x2</size>
         <input_file_ref idref="fl-26"/>
      </object_component>
      <object_component id="oc-af">
         <name>.reset</name>
         <load_address>0xfffe</load_address>
         <run_address>0xfffe</run_address>
         <size>0x2</size>
         <input_file_ref idref="fl-28"/>
      </object_component>
      <object_component id="oc-1c6">
         <name>.debug_info</name>
         <load_address>0x0</load_address>
         <run_address>0x0</run_address>
         <size>0x34c</size>
         <input_file_ref idref="fl-2"/>
      </object_component>
      <object_component id="oc-170">
         <name>.debug_info</name>
         <load_address>0x34c</load_address>
         <run_address>0x34c</run_address>
         <size>0xef</size>
         <input_file_ref idref="fl-2"/>
      </object_component>
      <object_component id="oc-174">
         <name>.debug_info</name>
         <load_address>0x43b</load_address>
         <run_address>0x43b</run_address>
         <size>0x116</size>
         <input_file_ref idref="fl-2"/>
      </object_component>
      <object_component id="oc-179">
         <name>.debug_info</name>
         <load_address>0x551</load_address>
         <run_address>0x551</run_address>
         <size>0x146</size>
         <input_file_ref idref="fl-2"/>
      </object_component>
      <object_component id="oc-180">
         <name>.debug_info</name>
         <load_address>0x697</load_address>
         <run_address>0x697</run_address>
         <size>0x16c</size>
         <input_file_ref idref="fl-2"/>
      </object_component>
      <object_component id="oc-149">
         <name>.debug_info</name>
         <load_address>0x803</load_address>
         <run_address>0x803</run_address>
         <size>0x13d</size>
         <input_file_ref idref="fl-2"/>
      </object_component>
      <object_component id="oc-df">
         <name>.debug_info</name>
         <load_address>0x940</load_address>
         <run_address>0x940</run_address>
         <size>0x115</size>
         <input_file_ref idref="fl-2"/>
      </object_component>
      <object_component id="oc-204">
         <name>.debug_info</name>
         <load_address>0xa55</load_address>
         <run_address>0xa55</run_address>
         <size>0x26b</size>
         <input_file_ref idref="fl-2"/>
      </object_component>
      <object_component id="oc-c5">
         <name>.debug_info</name>
         <load_address>0xcc0</load_address>
         <run_address>0xcc0</run_address>
         <size>0x84</size>
         <input_file_ref idref="fl-2"/>
      </object_component>
      <object_component id="oc-209">
         <name>.debug_info</name>
         <load_address>0xd44</load_address>
         <run_address>0xd44</run_address>
         <size>0x275</size>
         <input_file_ref idref="fl-2"/>
      </object_component>
      <object_component id="oc-1ca">
         <name>.debug_info</name>
         <load_address>0xfb9</load_address>
         <run_address>0xfb9</run_address>
         <size>0xbb</size>
         <input_file_ref idref="fl-2"/>
      </object_component>
      <object_component id="oc-d9">
         <name>.debug_info</name>
         <load_address>0x1074</load_address>
         <run_address>0x1074</run_address>
         <size>0x113</size>
         <input_file_ref idref="fl-27"/>
      </object_component>
      <object_component id="oc-ad">
         <name>.debug_info</name>
         <load_address>0x1187</load_address>
         <run_address>0x1187</run_address>
         <size>0x104</size>
         <input_file_ref idref="fl-28"/>
      </object_component>
      <object_component id="oc-ef">
         <name>.debug_info</name>
         <load_address>0x128b</load_address>
         <run_address>0x128b</run_address>
         <size>0x17b</size>
         <input_file_ref idref="fl-28"/>
      </object_component>
      <object_component id="oc-144">
         <name>.debug_info</name>
         <load_address>0x1406</load_address>
         <run_address>0x1406</run_address>
         <size>0x157</size>
         <input_file_ref idref="fl-2d"/>
      </object_component>
      <object_component id="oc-188">
         <name>.debug_info</name>
         <load_address>0x155d</load_address>
         <run_address>0x155d</run_address>
         <size>0x126</size>
         <input_file_ref idref="fl-31"/>
      </object_component>
      <object_component id="oc-289">
         <name>.debug_info</name>
         <load_address>0x1683</load_address>
         <run_address>0x1683</run_address>
         <size>0xb7</size>
      </object_component>
      <object_component id="oc-203">
         <name>.debug_line</name>
         <load_address>0x0</load_address>
         <run_address>0x0</run_address>
         <size>0x5a</size>
         <input_file_ref idref="fl-2"/>
      </object_component>
      <object_component id="oc-1c5">
         <name>.debug_line</name>
         <load_address>0x5a</load_address>
         <run_address>0x5a</run_address>
         <size>0x2d</size>
         <input_file_ref idref="fl-2"/>
      </object_component>
      <object_component id="oc-177">
         <name>.debug_line</name>
         <load_address>0x87</load_address>
         <run_address>0x87</run_address>
         <size>0x40</size>
         <input_file_ref idref="fl-2"/>
      </object_component>
      <object_component id="oc-17c">
         <name>.debug_line</name>
         <load_address>0xc7</load_address>
         <run_address>0xc7</run_address>
         <size>0x44</size>
         <input_file_ref idref="fl-2"/>
      </object_component>
      <object_component id="oc-17f">
         <name>.debug_line</name>
         <load_address>0x10b</load_address>
         <run_address>0x10b</run_address>
         <size>0x47</size>
         <input_file_ref idref="fl-2"/>
      </object_component>
      <object_component id="oc-14c">
         <name>.debug_line</name>
         <load_address>0x152</load_address>
         <run_address>0x152</run_address>
         <size>0x54</size>
         <input_file_ref idref="fl-2"/>
      </object_component>
      <object_component id="oc-dd">
         <name>.debug_line</name>
         <load_address>0x1a6</load_address>
         <run_address>0x1a6</run_address>
         <size>0x47</size>
         <input_file_ref idref="fl-2"/>
      </object_component>
      <object_component id="oc-207">
         <name>.debug_line</name>
         <load_address>0x1ed</load_address>
         <run_address>0x1ed</run_address>
         <size>0x72</size>
         <input_file_ref idref="fl-2"/>
      </object_component>
      <object_component id="oc-c8">
         <name>.debug_line</name>
         <load_address>0x25f</load_address>
         <run_address>0x25f</run_address>
         <size>0x20</size>
         <input_file_ref idref="fl-2"/>
      </object_component>
      <object_component id="oc-20c">
         <name>.debug_line</name>
         <load_address>0x27f</load_address>
         <run_address>0x27f</run_address>
         <size>0x76</size>
         <input_file_ref idref="fl-2"/>
      </object_component>
      <object_component id="oc-1cd">
         <name>.debug_line</name>
         <load_address>0x2f5</load_address>
         <run_address>0x2f5</run_address>
         <size>0x73</size>
         <input_file_ref idref="fl-2"/>
      </object_component>
      <object_component id="oc-db">
         <name>.debug_line</name>
         <load_address>0x368</load_address>
         <run_address>0x368</run_address>
         <size>0x3d</size>
         <input_file_ref idref="fl-27"/>
      </object_component>
      <object_component id="oc-11f">
         <name>.debug_line</name>
         <load_address>0x3a5</load_address>
         <run_address>0x3a5</run_address>
         <size>0x2a</size>
         <input_file_ref idref="fl-28"/>
      </object_component>
      <object_component id="oc-f2">
         <name>.debug_line</name>
         <load_address>0x3cf</load_address>
         <run_address>0x3cf</run_address>
         <size>0x43</size>
         <input_file_ref idref="fl-28"/>
      </object_component>
      <object_component id="oc-143">
         <name>.debug_line</name>
         <load_address>0x412</load_address>
         <run_address>0x412</run_address>
         <size>0x3e</size>
         <input_file_ref idref="fl-2d"/>
      </object_component>
      <object_component id="oc-186">
         <name>.debug_line</name>
         <load_address>0x450</load_address>
         <run_address>0x450</run_address>
         <size>0x3d</size>
         <input_file_ref idref="fl-31"/>
      </object_component>
      <object_component id="oc-173">
         <name>.debug_frame</name>
         <load_address>0x0</load_address>
         <run_address>0x0</run_address>
         <size>0x3c</size>
         <input_file_ref idref="fl-2"/>
      </object_component>
      <object_component id="oc-17d">
         <name>.debug_frame</name>
         <load_address>0x3c</load_address>
         <run_address>0x3c</run_address>
         <size>0x3c</size>
         <input_file_ref idref="fl-2"/>
      </object_component>
      <object_component id="oc-183">
         <name>.debug_frame</name>
         <load_address>0x78</load_address>
         <run_address>0x78</run_address>
         <size>0x3c</size>
         <input_file_ref idref="fl-2"/>
      </object_component>
      <object_component id="oc-148">
         <name>.debug_frame</name>
         <load_address>0xb4</load_address>
         <run_address>0xb4</run_address>
         <size>0x3c</size>
         <input_file_ref idref="fl-2"/>
      </object_component>
      <object_component id="oc-de">
         <name>.debug_frame</name>
         <load_address>0xf0</load_address>
         <run_address>0xf0</run_address>
         <size>0x3c</size>
         <input_file_ref idref="fl-2"/>
      </object_component>
      <object_component id="oc-f3">
         <name>.debug_frame</name>
         <load_address>0x12c</load_address>
         <run_address>0x12c</run_address>
         <size>0x34</size>
         <input_file_ref idref="fl-28"/>
      </object_component>
      <object_component id="oc-146">
         <name>.debug_frame</name>
         <load_address>0x160</load_address>
         <run_address>0x160</run_address>
         <size>0x3c</size>
         <input_file_ref idref="fl-2d"/>
      </object_component>
      <object_component id="oc-187">
         <name>.debug_frame</name>
         <load_address>0x19c</load_address>
         <run_address>0x19c</run_address>
         <size>0x3c</size>
         <input_file_ref idref="fl-31"/>
      </object_component>
      <object_component id="oc-202">
         <name>.debug_abbrev</name>
         <load_address>0x0</load_address>
         <run_address>0x0</run_address>
         <size>0x72</size>
         <input_file_ref idref="fl-2"/>
      </object_component>
      <object_component id="oc-1c4">
         <name>.debug_abbrev</name>
         <load_address>0x72</load_address>
         <run_address>0x72</run_address>
         <size>0x27</size>
         <input_file_ref idref="fl-2"/>
      </object_component>
      <object_component id="oc-1c7">
         <name>.debug_abbrev</name>
         <load_address>0x99</load_address>
         <run_address>0x99</run_address>
         <size>0x50</size>
         <input_file_ref idref="fl-2"/>
      </object_component>
      <object_component id="oc-1c8">
         <name>.debug_abbrev</name>
         <load_address>0xe9</load_address>
         <run_address>0xe9</run_address>
         <size>0x6c</size>
         <input_file_ref idref="fl-2"/>
      </object_component>
      <object_component id="oc-1c9">
         <name>.debug_abbrev</name>
         <load_address>0x155</load_address>
         <run_address>0x155</run_address>
         <size>0x6c</size>
         <input_file_ref idref="fl-2"/>
      </object_component>
      <object_component id="oc-184">
         <name>.debug_abbrev</name>
         <load_address>0x1c1</load_address>
         <run_address>0x1c1</run_address>
         <size>0x54</size>
         <input_file_ref idref="fl-2"/>
      </object_component>
      <object_component id="oc-138">
         <name>.debug_abbrev</name>
         <load_address>0x215</load_address>
         <run_address>0x215</run_address>
         <size>0x53</size>
         <input_file_ref idref="fl-2"/>
      </object_component>
      <object_component id="oc-206">
         <name>.debug_abbrev</name>
         <load_address>0x268</load_address>
         <run_address>0x268</run_address>
         <size>0x69</size>
         <input_file_ref idref="fl-2"/>
      </object_component>
      <object_component id="oc-c7">
         <name>.debug_abbrev</name>
         <load_address>0x2d1</load_address>
         <run_address>0x2d1</run_address>
         <size>0x1f</size>
         <input_file_ref idref="fl-2"/>
      </object_component>
      <object_component id="oc-20b">
         <name>.debug_abbrev</name>
         <load_address>0x2f0</load_address>
         <run_address>0x2f0</run_address>
         <size>0x35</size>
         <input_file_ref idref="fl-2"/>
      </object_component>
      <object_component id="oc-1cc">
         <name>.debug_abbrev</name>
         <load_address>0x325</load_address>
         <run_address>0x325</run_address>
         <size>0x24</size>
         <input_file_ref idref="fl-2"/>
      </object_component>
      <object_component id="oc-137">
         <name>.debug_abbrev</name>
         <load_address>0x349</load_address>
         <run_address>0x349</run_address>
         <size>0x28</size>
         <input_file_ref idref="fl-27"/>
      </object_component>
      <object_component id="oc-11e">
         <name>.debug_abbrev</name>
         <load_address>0x371</load_address>
         <run_address>0x371</run_address>
         <size>0x29</size>
         <input_file_ref idref="fl-28"/>
      </object_component>
      <object_component id="oc-14e">
         <name>.debug_abbrev</name>
         <load_address>0x39a</load_address>
         <run_address>0x39a</run_address>
         <size>0x58</size>
         <input_file_ref idref="fl-28"/>
      </object_component>
      <object_component id="oc-16e">
         <name>.debug_abbrev</name>
         <load_address>0x3f2</load_address>
         <run_address>0x3f2</run_address>
         <size>0x55</size>
         <input_file_ref idref="fl-2d"/>
      </object_component>
      <object_component id="oc-1cf">
         <name>.debug_abbrev</name>
         <load_address>0x447</load_address>
         <run_address>0x447</run_address>
         <size>0x45</size>
         <input_file_ref idref="fl-31"/>
      </object_component>
      <object_component id="oc-28a">
         <name>.debug_abbrev</name>
         <load_address>0x48c</load_address>
         <run_address>0x48c</run_address>
         <size>0xf</size>
      </object_component>
      <object_component id="oc-208">
         <name>.debug_str</name>
         <load_address>0x0</load_address>
         <run_address>0x0</run_address>
         <size>0x2cb</size>
         <input_file_ref idref="fl-2"/>
      </object_component>
      <object_component id="oc-c9">
         <name>.debug_str</name>
         <load_address>0x2cb</load_address>
         <run_address>0x2cb</run_address>
         <size>0xfe</size>
         <input_file_ref idref="fl-2"/>
      </object_component>
      <object_component id="oc-20d">
         <name>.debug_str</name>
         <load_address>0x3c9</load_address>
         <run_address>0x3c9</run_address>
         <size>0x349</size>
         <input_file_ref idref="fl-2"/>
      </object_component>
      <object_component id="oc-1ce">
         <name>.debug_str</name>
         <load_address>0x712</load_address>
         <run_address>0x712</run_address>
         <size>0x163</size>
         <input_file_ref idref="fl-2"/>
      </object_component>
      <object_component id="oc-176">
         <name>.debug_aranges</name>
         <load_address>0x0</load_address>
         <run_address>0x0</run_address>
         <size>0x20</size>
         <input_file_ref idref="fl-2"/>
      </object_component>
      <object_component id="oc-17b">
         <name>.debug_aranges</name>
         <load_address>0x20</load_address>
         <run_address>0x20</run_address>
         <size>0x20</size>
         <input_file_ref idref="fl-2"/>
      </object_component>
      <object_component id="oc-181">
         <name>.debug_aranges</name>
         <load_address>0x40</load_address>
         <run_address>0x40</run_address>
         <size>0x20</size>
         <input_file_ref idref="fl-2"/>
      </object_component>
      <object_component id="oc-14a">
         <name>.debug_aranges</name>
         <load_address>0x60</load_address>
         <run_address>0x60</run_address>
         <size>0x20</size>
         <input_file_ref idref="fl-2"/>
      </object_component>
      <object_component id="oc-e1">
         <name>.debug_aranges</name>
         <load_address>0x80</load_address>
         <run_address>0x80</run_address>
         <size>0x20</size>
         <input_file_ref idref="fl-2"/>
      </object_component>
      <object_component id="oc-d8">
         <name>.debug_aranges</name>
         <load_address>0xa0</load_address>
         <run_address>0xa0</run_address>
         <size>0x20</size>
         <input_file_ref idref="fl-27"/>
      </object_component>
      <object_component id="oc-f1">
         <name>.debug_aranges</name>
         <load_address>0xc0</load_address>
         <run_address>0xc0</run_address>
         <size>0x20</size>
         <input_file_ref idref="fl-28"/>
      </object_component>
      <object_component id="oc-142">
         <name>.debug_aranges</name>
         <load_address>0xe0</load_address>
         <run_address>0xe0</run_address>
         <size>0x20</size>
         <input_file_ref idref="fl-2d"/>
      </object_component>
      <object_component id="oc-189">
         <name>.debug_aranges</name>
         <load_address>0x100</load_address>
         <run_address>0x100</run_address>
         <size>0x20</size>
         <input_file_ref idref="fl-31"/>
      </object_component>
      <object_component id="oc-171">
         <name>.debug_pubnames</name>
         <load_address>0x0</load_address>
         <run_address>0x0</run_address>
         <size>0x23</size>
         <input_file_ref idref="fl-2"/>
      </object_component>
      <object_component id="oc-175">
         <name>.debug_pubnames</name>
         <load_address>0x23</load_address>
         <run_address>0x23</run_address>
         <size>0x21</size>
         <input_file_ref idref="fl-2"/>
      </object_component>
      <object_component id="oc-17a">
         <name>.debug_pubnames</name>
         <load_address>0x44</load_address>
         <run_address>0x44</run_address>
         <size>0x22</size>
         <input_file_ref idref="fl-2"/>
      </object_component>
      <object_component id="oc-182">
         <name>.debug_pubnames</name>
         <load_address>0x66</load_address>
         <run_address>0x66</run_address>
         <size>0x22</size>
         <input_file_ref idref="fl-2"/>
      </object_component>
      <object_component id="oc-14b">
         <name>.debug_pubnames</name>
         <load_address>0x88</load_address>
         <run_address>0x88</run_address>
         <size>0x1b</size>
         <input_file_ref idref="fl-2"/>
      </object_component>
      <object_component id="oc-e0">
         <name>.debug_pubnames</name>
         <load_address>0xa3</load_address>
         <run_address>0xa3</run_address>
         <size>0x20</size>
         <input_file_ref idref="fl-2"/>
      </object_component>
      <object_component id="oc-da">
         <name>.debug_pubnames</name>
         <load_address>0xc3</load_address>
         <run_address>0xc3</run_address>
         <size>0x2b</size>
         <input_file_ref idref="fl-27"/>
      </object_component>
      <object_component id="oc-ae">
         <name>.debug_pubnames</name>
         <load_address>0xee</load_address>
         <run_address>0xee</run_address>
         <size>0x1d</size>
         <input_file_ref idref="fl-28"/>
      </object_component>
      <object_component id="oc-f0">
         <name>.debug_pubnames</name>
         <load_address>0x10b</load_address>
         <run_address>0x10b</run_address>
         <size>0x2d</size>
         <input_file_ref idref="fl-28"/>
      </object_component>
      <object_component id="oc-145">
         <name>.debug_pubnames</name>
         <load_address>0x138</load_address>
         <run_address>0x138</run_address>
         <size>0x27</size>
         <input_file_ref idref="fl-2d"/>
      </object_component>
      <object_component id="oc-18a">
         <name>.debug_pubnames</name>
         <load_address>0x15f</load_address>
         <run_address>0x15f</run_address>
         <size>0x1c</size>
         <input_file_ref idref="fl-31"/>
      </object_component>
      <object_component id="oc-205">
         <name>.debug_pubtypes</name>
         <load_address>0x0</load_address>
         <run_address>0x0</run_address>
         <size>0x25c</size>
         <input_file_ref idref="fl-2"/>
      </object_component>
      <object_component id="oc-c6">
         <name>.debug_pubtypes</name>
         <load_address>0x25c</load_address>
         <run_address>0x25c</run_address>
         <size>0xed</size>
         <input_file_ref idref="fl-2"/>
      </object_component>
      <object_component id="oc-20a">
         <name>.debug_pubtypes</name>
         <load_address>0x349</load_address>
         <run_address>0x349</run_address>
         <size>0x315</size>
         <input_file_ref idref="fl-2"/>
      </object_component>
      <object_component id="oc-1cb">
         <name>.debug_pubtypes</name>
         <load_address>0x65e</load_address>
         <run_address>0x65e</run_address>
         <size>0xaa</size>
         <input_file_ref idref="fl-2"/>
      </object_component>
   </object_component_list>
   <logical_group_list>
      <logical_group id="lg-2" display="no" color="cyan">
         <name>.bss</name>
         <run_address>0x0</run_address>
         <size>0x0</size>
         <contents>
         </contents>
      </logical_group>
      <logical_group id="lg-3" display="no" color="cyan">
         <name>.data</name>
         <run_address>0x0</run_address>
         <size>0x0</size>
         <contents>
         </contents>
      </logical_group>
      <logical_group id="lg-4" display="no" color="cyan">
         <name>.TI.noinit</name>
         <run_address>0x0</run_address>
         <size>0x0</size>
         <contents>
         </contents>
      </logical_group>
      <logical_group id="lg-5" display="no" color="cyan">
         <name>.sysmem</name>
         <run_address>0x0</run_address>
         <size>0x0</size>
         <contents>
         </contents>
      </logical_group>
      <logical_group id="lg-6" display="no" color="cyan">
         <name>.stack</name>
         <run_address>0x5b0</run_address>
         <size>0x50</size>
         <contents>
            <object_component_ref idref="oc-ac"/>
            <object_component_ref idref="oc-288"/>
         </contents>
      </logical_group>
      <logical_group id="lg-7" display="no" color="cyan">
         <name>.text</name>
         <load_address>0x8000</load_address>
         <run_address>0x8000</run_address>
         <size>0xd0</size>
         <contents>
            <object_component_ref idref="oc-147"/>
            <object_component_ref idref="oc-178"/>
            <object_component_ref idref="oc-17e"/>
            <object_component_ref idref="oc-ee"/>
            <object_component_ref idref="oc-dc"/>
            <object_component_ref idref="oc-d7"/>
            <object_component_ref idref="oc-172"/>
            <object_component_ref idref="oc-185"/>
            <object_component_ref idref="oc-141"/>
         </contents>
      </logical_group>
      <logical_group id="lg-8" display="no" color="cyan">
         <name>.cinit</name>
         <run_address>0x0</run_address>
         <size>0x0</size>
         <contents>
         </contents>
      </logical_group>
      <logical_group id="lg-9" display="no" color="cyan">
         <name>.const</name>
         <load_address>0x80d0</load_address>
         <run_address>0x80d0</run_address>
         <size>0x2</size>
         <contents>
            <object_component_ref idref="oc-16f"/>
         </contents>
      </logical_group>
      <logical_group id="lg-a" display="no" color="cyan">
         <name>.bslsignature</name>
         <run_address>0x0</run_address>
         <size>0x0</size>
         <contents>
         </contents>
      </logical_group>
      <logical_group id="lg-b" display="no" color="cyan">
         <name>.cio</name>
         <run_address>0x0</run_address>
         <size>0x0</size>
         <contents>
         </contents>
      </logical_group>
      <logical_group id="lg-c" display="no" color="cyan">
         <name>.pinit</name>
         <run_address>0x0</run_address>
         <size>0x0</size>
         <contents>
         </contents>
      </logical_group>
      <logical_group id="lg-d" display="no" color="cyan">
         <name>.binit</name>
         <load_address>0x8000</load_address>
         <run_address>0x8000</run_address>
         <size>0x0</size>
         <contents>
            <object_component_ref idref="oc-249"/>
         </contents>
      </logical_group>
      <logical_group id="lg-e" display="no" color="cyan">
         <name>.init_array</name>
         <run_address>0x0</run_address>
         <size>0x0</size>
         <contents>
         </contents>
      </logical_group>
      <logical_group id="lg-f" display="no" color="cyan">
         <name>.mspabi.exidx</name>
         <run_address>0x0</run_address>
         <size>0x0</size>
         <contents>
         </contents>
      </logical_group>
      <logical_group id="lg-10" display="no" color="cyan">
         <name>.mspabi.extab</name>
         <run_address>0x0</run_address>
         <size>0x0</size>
         <contents>
         </contents>
      </logical_group>
      <logical_group id="lg-11" display="no" color="cyan">
         <name>.TI.ramfunc</name>
         <run_address>0x0</run_address>
         <size>0x0</size>
         <contents>
         </contents>
      </logical_group>
      <logical_group id="lg-12" display="no" color="cyan">
         <name>.infoA</name>
         <run_address>0x0</run_address>
         <size>0x0</size>
         <contents>
         </contents>
      </logical_group>
      <logical_group id="lg-13" display="no" color="cyan">
         <name>.infoB</name>
         <run_address>0x0</run_address>
         <size>0x0</size>
         <contents>
         </contents>
      </logical_group>
      <logical_group id="lg-14" display="no" color="cyan">
         <name>.infoC</name>
         <run_address>0x0</run_address>
         <size>0x0</size>
         <contents>
         </contents>
      </logical_group>
      <logical_group id="lg-15" display="no" color="cyan">
         <name>.infoD</name>
         <run_address>0x0</run_address>
         <size>0x0</size>
         <contents>
         </contents>
      </logical_group>
      <logical_group id="lg-16" display="no" color="cyan">
         <name>.int00</name>
         <run_address>0x0</run_address>
         <size>0x0</size>
         <contents>
         </contents>
      </logical_group>
      <logical_group id="lg-17" display="no" color="cyan">
         <name>.int01</name>
         <run_address>0x0</run_address>
         <size>0x0</size>
         <contents>
         </contents>
      </logical_group>
      <logical_group id="lg-18" display="no" color="cyan">
         <name>PORT1</name>
         <load_address>0xffe4</load_address>
         <run_address>0xffe4</run_address>
         <size>0x2</size>
         <contents>
            <object_component_ref idref="oc-3e"/>
         </contents>
      </logical_group>
      <logical_group id="lg-1a" display="no" color="cyan">
         <name>PORT2</name>
         <load_address>0xffe6</load_address>
         <run_address>0xffe6</run_address>
         <size>0x2</size>
         <contents>
            <object_component_ref idref="oc-3f"/>
         </contents>
      </logical_group>
      <logical_group id="lg-1c" display="no" color="cyan">
         <name>.int04</name>
         <run_address>0x0</run_address>
         <size>0x0</size>
         <contents>
         </contents>
      </logical_group>
      <logical_group id="lg-1d" display="no" color="cyan">
         <name>ADC10</name>
         <load_address>0xffea</load_address>
         <run_address>0xffea</run_address>
         <size>0x2</size>
         <contents>
            <object_component_ref idref="oc-40"/>
         </contents>
      </logical_group>
      <logical_group id="lg-1f" display="no" color="cyan">
         <name>USCIAB0TX</name>
         <load_address>0xffec</load_address>
         <run_address>0xffec</run_address>
         <size>0x2</size>
         <contents>
            <object_component_ref idref="oc-41"/>
         </contents>
      </logical_group>
      <logical_group id="lg-21" display="no" color="cyan">
         <name>USCIAB0RX</name>
         <load_address>0xffee</load_address>
         <run_address>0xffee</run_address>
         <size>0x2</size>
         <contents>
            <object_component_ref idref="oc-42"/>
         </contents>
      </logical_group>
      <logical_group id="lg-23" display="no" color="cyan">
         <name>TIMERA1</name>
         <load_address>0xfff0</load_address>
         <run_address>0xfff0</run_address>
         <size>0x2</size>
         <contents>
            <object_component_ref idref="oc-43"/>
         </contents>
      </logical_group>
      <logical_group id="lg-25" display="no" color="cyan">
         <name>TIMERA0</name>
         <load_address>0xfff2</load_address>
         <run_address>0xfff2</run_address>
         <size>0x2</size>
         <contents>
            <object_component_ref idref="oc-44"/>
         </contents>
      </logical_group>
      <logical_group id="lg-27" display="no" color="cyan">
         <name>WDT</name>
         <load_address>0xfff4</load_address>
         <run_address>0xfff4</run_address>
         <size>0x2</size>
         <contents>
            <object_component_ref idref="oc-45"/>
         </contents>
      </logical_group>
      <logical_group id="lg-29" display="no" color="cyan">
         <name>.int11</name>
         <run_address>0x0</run_address>
         <size>0x0</size>
         <contents>
         </contents>
      </logical_group>
      <logical_group id="lg-2a" display="no" color="cyan">
         <name>TIMERB1</name>
         <load_address>0xfff8</load_address>
         <run_address>0xfff8</run_address>
         <size>0x2</size>
         <contents>
            <object_component_ref idref="oc-46"/>
         </contents>
      </logical_group>
      <logical_group id="lg-2c" display="no" color="cyan">
         <name>TIMERB0</name>
         <load_address>0xfffa</load_address>
         <run_address>0xfffa</run_address>
         <size>0x2</size>
         <contents>
            <object_component_ref idref="oc-47"/>
         </contents>
      </logical_group>
      <logical_group id="lg-2e" display="no" color="cyan">
         <name>NMI</name>
         <load_address>0xfffc</load_address>
         <run_address>0xfffc</run_address>
         <size>0x2</size>
         <contents>
            <object_component_ref idref="oc-48"/>
         </contents>
      </logical_group>
      <logical_group id="lg-30" display="no" color="cyan">
         <name>.reset</name>
         <load_address>0xfffe</load_address>
         <run_address>0xfffe</run_address>
         <size>0x2</size>
         <contents>
            <object_component_ref idref="oc-af"/>
         </contents>
      </logical_group>
      <logical_group id="lg-248" display="no" color="cyan">
         <name>.TI.persistent</name>
         <run_address>0x0</run_address>
         <size>0x0</size>
         <contents>
         </contents>
      </logical_group>
      <logical_group id="lg-26f" display="never" color="cyan">
         <name>.debug_info</name>
         <load_address>0x0</load_address>
         <run_address>0x0</run_address>
         <size>0x173a</size>
         <contents>
            <object_component_ref idref="oc-1c6"/>
            <object_component_ref idref="oc-170"/>
            <object_component_ref idref="oc-174"/>
            <object_component_ref idref="oc-179"/>
            <object_component_ref idref="oc-180"/>
            <object_component_ref idref="oc-149"/>
            <object_component_ref idref="oc-df"/>
            <object_component_ref idref="oc-204"/>
            <object_component_ref idref="oc-c5"/>
            <object_component_ref idref="oc-209"/>
            <object_component_ref idref="oc-1ca"/>
            <object_component_ref idref="oc-d9"/>
            <object_component_ref idref="oc-ad"/>
            <object_component_ref idref="oc-ef"/>
            <object_component_ref idref="oc-144"/>
            <object_component_ref idref="oc-188"/>
            <object_component_ref idref="oc-289"/>
         </contents>
      </logical_group>
      <logical_group id="lg-271" display="never" color="cyan">
         <name>.debug_line</name>
         <load_address>0x0</load_address>
         <run_address>0x0</run_address>
         <size>0x48d</size>
         <contents>
            <object_component_ref idref="oc-203"/>
            <object_component_ref idref="oc-1c5"/>
            <object_component_ref idref="oc-177"/>
            <object_component_ref idref="oc-17c"/>
            <object_component_ref idref="oc-17f"/>
            <object_component_ref idref="oc-14c"/>
            <object_component_ref idref="oc-dd"/>
            <object_component_ref idref="oc-207"/>
            <object_component_ref idref="oc-c8"/>
            <object_component_ref idref="oc-20c"/>
            <object_component_ref idref="oc-1cd"/>
            <object_component_ref idref="oc-db"/>
            <object_component_ref idref="oc-11f"/>
            <object_component_ref idref="oc-f2"/>
            <object_component_ref idref="oc-143"/>
            <object_component_ref idref="oc-186"/>
         </contents>
      </logical_group>
      <logical_group id="lg-273" display="never" color="cyan">
         <name>.debug_frame</name>
         <load_address>0x0</load_address>
         <run_address>0x0</run_address>
         <size>0x1d8</size>
         <contents>
            <object_component_ref idref="oc-173"/>
            <object_component_ref idref="oc-17d"/>
            <object_component_ref idref="oc-183"/>
            <object_component_ref idref="oc-148"/>
            <object_component_ref idref="oc-de"/>
            <object_component_ref idref="oc-f3"/>
            <object_component_ref idref="oc-146"/>
            <object_component_ref idref="oc-187"/>
         </contents>
      </logical_group>
      <logical_group id="lg-275" display="never" color="cyan">
         <name>.debug_abbrev</name>
         <load_address>0x0</load_address>
         <run_address>0x0</run_address>
         <size>0x49b</size>
         <contents>
            <object_component_ref idref="oc-202"/>
            <object_component_ref idref="oc-1c4"/>
            <object_component_ref idref="oc-1c7"/>
            <object_component_ref idref="oc-1c8"/>
            <object_component_ref idref="oc-1c9"/>
            <object_component_ref idref="oc-184"/>
            <object_component_ref idref="oc-138"/>
            <object_component_ref idref="oc-206"/>
            <object_component_ref idref="oc-c7"/>
            <object_component_ref idref="oc-20b"/>
            <object_component_ref idref="oc-1cc"/>
            <object_component_ref idref="oc-137"/>
            <object_component_ref idref="oc-11e"/>
            <object_component_ref idref="oc-14e"/>
            <object_component_ref idref="oc-16e"/>
            <object_component_ref idref="oc-1cf"/>
            <object_component_ref idref="oc-28a"/>
         </contents>
      </logical_group>
      <logical_group id="lg-277" display="never" color="cyan">
         <name>.debug_str</name>
         <load_address>0x0</load_address>
         <run_address>0x0</run_address>
         <size>0x875</size>
         <contents>
            <object_component_ref idref="oc-208"/>
            <object_component_ref idref="oc-c9"/>
            <object_component_ref idref="oc-20d"/>
            <object_component_ref idref="oc-1ce"/>
         </contents>
      </logical_group>
      <logical_group id="lg-279" display="never" color="cyan">
         <name>.debug_aranges</name>
         <load_address>0x0</load_address>
         <run_address>0x0</run_address>
         <size>0x120</size>
         <contents>
            <object_component_ref idref="oc-176"/>
            <object_component_ref idref="oc-17b"/>
            <object_component_ref idref="oc-181"/>
            <object_component_ref idref="oc-14a"/>
            <object_component_ref idref="oc-e1"/>
            <object_component_ref idref="oc-d8"/>
            <object_component_ref idref="oc-f1"/>
            <object_component_ref idref="oc-142"/>
            <object_component_ref idref="oc-189"/>
         </contents>
      </logical_group>
      <logical_group id="lg-27b" display="never" color="cyan">
         <name>.debug_pubnames</name>
         <load_address>0x0</load_address>
         <run_address>0x0</run_address>
         <size>0x17b</size>
         <contents>
            <object_component_ref idref="oc-171"/>
            <object_component_ref idref="oc-175"/>
            <object_component_ref idref="oc-17a"/>
            <object_component_ref idref="oc-182"/>
            <object_component_ref idref="oc-14b"/>
            <object_component_ref idref="oc-e0"/>
            <object_component_ref idref="oc-da"/>
            <object_component_ref idref="oc-ae"/>
            <object_component_ref idref="oc-f0"/>
            <object_component_ref idref="oc-145"/>
            <object_component_ref idref="oc-18a"/>
         </contents>
      </logical_group>
      <logical_group id="lg-27d" display="never" color="cyan">
         <name>.debug_pubtypes</name>
         <load_address>0x0</load_address>
         <run_address>0x0</run_address>
         <size>0x708</size>
         <contents>
            <object_component_ref idref="oc-205"/>
            <object_component_ref idref="oc-c6"/>
            <object_component_ref idref="oc-20a"/>
            <object_component_ref idref="oc-1cb"/>
         </contents>
      </logical_group>
      <logical_group id="lg-28b" display="no" color="cyan">
         <name>$fill000</name>
         <load_address>0xffde</load_address>
         <run_address>0xffde</run_address>
         <size>0x2</size>
         <contents>
         </contents>
      </logical_group>
      <load_segment id="lg-28d" display="no" color="cyan">
         <name>SEGMENT_0</name>
         <run_address>0x5b0</run_address>
         <size>0x50</size>
         <flags>0x6</flags>
         <contents>
            <logical_group_ref idref="lg-6"/>
         </contents>
      </load_segment>
      <load_segment id="lg-28e" display="no" color="cyan">
         <name>SEGMENT_1</name>
         <load_address>0x8000</load_address>
         <run_address>0x8000</run_address>
         <size>0xd2</size>
         <flags>0x5</flags>
         <contents>
            <logical_group_ref idref="lg-7"/>
            <logical_group_ref idref="lg-9"/>
         </contents>
      </load_segment>
      <load_segment id="lg-28f" display="no" color="cyan">
         <name>SEGMENT_2</name>
         <load_address>0xffde</load_address>
         <run_address>0xffde</run_address>
         <size>0x2</size>
         <flags>0x4</flags>
         <contents>
            <logical_group_ref idref="lg-28b"/>
         </contents>
      </load_segment>
      <load_segment id="lg-290" display="no" color="cyan">
         <name>SEGMENT_3</name>
         <load_address>0xffe4</load_address>
         <run_address>0xffe4</run_address>
         <size>0x4</size>
         <flags>0x4</flags>
         <contents>
            <logical_group_ref idref="lg-18"/>
            <logical_group_ref idref="lg-1a"/>
         </contents>
      </load_segment>
      <load_segment id="lg-291" display="no" color="cyan">
         <name>SEGMENT_4</name>
         <load_address>0xffea</load_address>
         <run_address>0xffea</run_address>
         <size>0xc</size>
         <flags>0x4</flags>
         <contents>
            <logical_group_ref idref="lg-1d"/>
            <logical_group_ref idref="lg-1f"/>
            <logical_group_ref idref="lg-21"/>
            <logical_group_ref idref="lg-23"/>
            <logical_group_ref idref="lg-25"/>
            <logical_group_ref idref="lg-27"/>
         </contents>
      </load_segment>
      <load_segment id="lg-292" display="no" color="cyan">
         <name>SEGMENT_5</name>
         <load_address>0xfff8</load_address>
         <run_address>0xfff8</run_address>
         <size>0x8</size>
         <flags>0x4</flags>
         <contents>
            <logical_group_ref idref="lg-2a"/>
            <logical_group_ref idref="lg-2c"/>
            <logical_group_ref idref="lg-2e"/>
            <logical_group_ref idref="lg-30"/>
         </contents>
      </load_segment>
   </logical_group_list>
   <placement_map>
      <memory_area display="no" color="green">
         <name>SFR</name>
         <page_id>0x0</page_id>
         <origin>0x0</origin>
         <length>0x10</length>
         <used_space>0x0</used_space>
         <unused_space>0x10</unused_space>
         <attributes>RWIX</attributes>
         <usage_details>
         </usage_details>
      </memory_area>
      <memory_area display="yes" color="green">
         <name>PERIPHERALS_8BIT</name>
         <page_id>0x0</page_id>
         <origin>0x10</origin>
         <length>0xf0</length>
         <used_space>0x0</used_space>
         <unused_space>0xf0</unused_space>
         <attributes>RWIX</attributes>
         <usage_details>
         </usage_details>
      </memory_area>
      <memory_area display="yes" color="green">
         <name>PERIPHERALS_16BIT</name>
         <page_id>0x0</page_id>
         <origin>0x100</origin>
         <length>0x100</length>
         <used_space>0x0</used_space>
         <unused_space>0x100</unused_space>
         <attributes>RWIX</attributes>
         <usage_details>
         </usage_details>
      </memory_area>
      <memory_area display="yes" color="green">
         <name>RAM</name>
         <page_id>0x0</page_id>
         <origin>0x200</origin>
         <length>0x400</length>
         <used_space>0x50</used_space>
         <unused_space>0x3b0</unused_space>
         <attributes>RWIX</attributes>
         <usage_details>
            <available_space>
               <start_address>0x200</start_address>
               <size>0x3b0</size>
            </available_space>
            <allocated_space>
               <start_address>0x5b0</start_address>
               <size>0x50</size>
               <logical_group_ref idref="lg-6"/>
            </allocated_space>
         </usage_details>
      </memory_area>
      <memory_area display="no" color="green">
         <name>INFOD</name>
         <page_id>0x0</page_id>
         <origin>0x1000</origin>
         <length>0x40</length>
         <used_space>0x0</used_space>
         <unused_space>0x40</unused_space>
         <attributes>RWIX</attributes>
         <usage_details>
         </usage_details>
      </memory_area>
      <memory_area display="no" color="green">
         <name>INFOC</name>
         <page_id>0x0</page_id>
         <origin>0x1040</origin>
         <length>0x40</length>
         <used_space>0x0</used_space>
         <unused_space>0x40</unused_space>
         <attributes>RWIX</attributes>
         <usage_details>
         </usage_details>
      </memory_area>
      <memory_area display="no" color="green">
         <name>INFOB</name>
         <page_id>0x0</page_id>
         <origin>0x1080</origin>
         <length>0x40</length>
         <used_space>0x0</used_space>
         <unused_space>0x40</unused_space>
         <attributes>RWIX</attributes>
         <usage_details>
         </usage_details>
      </memory_area>
      <memory_area display="no" color="green">
         <name>INFOA</name>
         <page_id>0x0</page_id>
         <origin>0x10c0</origin>
         <length>0x40</length>
         <used_space>0x0</used_space>
         <unused_space>0x40</unused_space>
         <attributes>RWIX</attributes>
         <usage_details>
         </usage_details>
      </memory_area>
      <memory_area display="yes" color="green">
         <name>FLASH</name>
         <page_id>0x0</page_id>
         <origin>0x8000</origin>
         <length>0x7fde</length>
         <used_space>0xd2</used_space>
         <unused_space>0x7f0c</unused_space>
         <attributes>RWIX</attributes>
         <usage_details>
            <allocated_space>
               <start_address>0x8000</start_address>
               <size>0x0</size>
               <logical_group_ref idref="lg-d"/>
            </allocated_space>
            <allocated_space>
               <start_address>0x8000</start_address>
               <size>0xd0</size>
               <logical_group_ref idref="lg-7"/>
            </allocated_space>
            <allocated_space>
               <start_address>0x80d0</start_address>
               <size>0x2</size>
               <logical_group_ref idref="lg-9"/>
            </allocated_space>
            <available_space>
               <start_address>0x80d2</start_address>
               <size>0x7f0c</size>
            </available_space>
         </usage_details>
      </memory_area>
      <memory_area display="no" color="green">
         <name>BSLSIGNATURE</name>
         <page_id>0x0</page_id>
         <origin>0xffde</origin>
         <length>0x2</length>
         <used_space>0x2</used_space>
         <unused_space>0x0</unused_space>
         <attributes>RWIX</attributes>
         <fill_value>0xffff</fill_value>
         <fill_width>0x10</fill_width>
         <virtual_fill>0x0</virtual_fill>
         <usage_details>
            <allocated_space>
               <start_address>0xffde</start_address>
               <size>0x2</size>
               <logical_group_ref idref="lg-28b"/>
            </allocated_space>
         </usage_details>
      </memory_area>
      <memory_area display="no" color="green">
         <name>INT00</name>
         <page_id>0x0</page_id>
         <origin>0xffe0</origin>
         <length>0x2</length>
         <used_space>0x0</used_space>
         <unused_space>0x2</unused_space>
         <attributes>RWIX</attributes>
         <usage_details>
         </usage_details>
      </memory_area>
      <memory_area display="no" color="green">
         <name>INT01</name>
         <page_id>0x0</page_id>
         <origin>0xffe2</origin>
         <length>0x2</length>
         <used_space>0x0</used_space>
         <unused_space>0x2</unused_space>
         <attributes>RWIX</attributes>
         <usage_details>
         </usage_details>
      </memory_area>
      <memory_area display="no" color="green">
         <name>INT02</name>
         <page_id>0x0</page_id>
         <origin>0xffe4</origin>
         <length>0x2</length>
         <used_space>0x2</used_space>
         <unused_space>0x0</unused_space>
         <attributes>RWIX</attributes>
         <usage_details>
            <allocated_space>
               <start_address>0xffe4</start_address>
               <size>0x2</size>
               <logical_group_ref idref="lg-18"/>
            </allocated_space>
         </usage_details>
      </memory_area>
      <memory_area display="no" color="green">
         <name>INT03</name>
         <page_id>0x0</page_id>
         <origin>0xffe6</origin>
         <length>0x2</length>
         <used_space>0x2</used_space>
         <unused_space>0x0</unused_space>
         <attributes>RWIX</attributes>
         <usage_details>
            <allocated_space>
               <start_address>0xffe6</start_address>
               <size>0x2</size>
               <logical_group_ref idref="lg-1a"/>
            </allocated_space>
         </usage_details>
      </memory_area>
      <memory_area display="no" color="green">
         <name>INT04</name>
         <page_id>0x0</page_id>
         <origin>0xffe8</origin>
         <length>0x2</length>
         <used_space>0x0</used_space>
         <unused_space>0x2</unused_space>
         <attributes>RWIX</attributes>
         <usage_details>
         </usage_details>
      </memory_area>
      <memory_area display="no" color="green">
         <name>INT05</name>
         <page_id>0x0</page_id>
         <origin>0xffea</origin>
         <length>0x2</length>
         <used_space>0x2</used_space>
         <unused_space>0x0</unused_space>
         <attributes>RWIX</attributes>
         <usage_details>
            <allocated_space>
               <start_address>0xffea</start_address>
               <size>0x2</size>
               <logical_group_ref idref="lg-1d"/>
            </allocated_space>
         </usage_details>
      </memory_area>
      <memory_area display="no" color="green">
         <name>INT06</name>
         <page_id>0x0</page_id>
         <origin>0xffec</origin>
         <length>0x2</length>
         <used_space>0x2</used_space>
         <unused_space>0x0</unused_space>
         <attributes>RWIX</attributes>
         <usage_details>
            <allocated_space>
               <start_address>0xffec</start_address>
               <size>0x2</size>
               <logical_group_ref idref="lg-1f"/>
            </allocated_space>
         </usage_details>
      </memory_area>
      <memory_area display="no" color="green">
         <name>INT07</name>
         <page_id>0x0</page_id>
         <origin>0xffee</origin>
         <length>0x2</length>
         <used_space>0x2</used_space>
         <unused_space>0x0</unused_space>
         <attributes>RWIX</attributes>
         <usage_details>
            <allocated_space>
               <start_address>0xffee</start_address>
               <size>0x2</size>
               <logical_group_ref idref="lg-21"/>
            </allocated_space>
         </usage_details>
      </memory_area>
      <memory_area display="no" color="green">
         <name>INT08</name>
         <page_id>0x0</page_id>
         <origin>0xfff0</origin>
         <length>0x2</length>
         <used_space>0x2</used_space>
         <unused_space>0x0</unused_space>
         <attributes>RWIX</attributes>
         <usage_details>
            <allocated_space>
               <start_address>0xfff0</start_address>
               <size>0x2</size>
               <logical_group_ref idref="lg-23"/>
            </allocated_space>
         </usage_details>
      </memory_area>
      <memory_area display="no" color="green">
         <name>INT09</name>
         <page_id>0x0</page_id>
         <origin>0xfff2</origin>
         <length>0x2</length>
         <used_space>0x2</used_space>
         <unused_space>0x0</unused_space>
         <attributes>RWIX</attributes>
         <usage_details>
            <allocated_space>
               <start_address>0xfff2</start_address>
               <size>0x2</size>
               <logical_group_ref idref="lg-25"/>
            </allocated_space>
         </usage_details>
      </memory_area>
      <memory_area display="no" color="green">
         <name>INT10</name>
         <page_id>0x0</page_id>
         <origin>0xfff4</origin>
         <length>0x2</length>
         <used_space>0x2</used_space>
         <unused_space>0x0</unused_space>
         <attributes>RWIX</attributes>
         <usage_details>
            <allocated_space>
               <start_address>0xfff4</start_address>
               <size>0x2</size>
               <logical_group_ref idref="lg-27"/>
            </allocated_space>
         </usage_details>
      </memory_area>
      <memory_area display="no" color="green">
         <name>INT11</name>
         <page_id>0x0</page_id>
         <origin>0xfff6</origin>
         <length>0x2</length>
         <used_space>0x0</used_space>
         <unused_space>0x2</unused_space>
         <attributes>RWIX</attributes>
         <usage_details>
         </usage_details>
      </memory_area>
      <memory_area display="no" color="green">
         <name>INT12</name>
         <page_id>0x0</page_id>
         <origin>0xfff8</origin>
         <length>0x2</length>
         <used_space>0x2</used_space>
         <unused_space>0x0</unused_space>
         <attributes>RWIX</attributes>
         <usage_details>
            <allocated_space>
               <start_address>0xfff8</start_address>
               <size>0x2</size>
               <logical_group_ref idref="lg-2a"/>
            </allocated_space>
         </usage_details>
      </memory_area>
      <memory_area display="no" color="green">
         <name>INT13</name>
         <page_id>0x0</page_id>
         <origin>0xfffa</origin>
         <length>0x2</length>
         <used_space>0x2</used_space>
         <unused_space>0x0</unused_space>
         <attributes>RWIX</attributes>
         <usage_details>
            <allocated_space>
               <start_address>0xfffa</start_address>
               <size>0x2</size>
               <logical_group_ref idref="lg-2c"/>
            </allocated_space>
         </usage_details>
      </memory_area>
      <memory_area display="no" color="green">
         <name>INT14</name>
         <page_id>0x0</page_id>
         <origin>0xfffc</origin>
         <length>0x2</length>
         <used_space>0x2</used_space>
         <unused_space>0x0</unused_space>
         <attributes>RWIX</attributes>
         <usage_details>
            <allocated_space>
               <start_address>0xfffc</start_address>
               <size>0x2</size>
               <logical_group_ref idref="lg-2e"/>
            </allocated_space>
         </usage_details>
      </memory_area>
      <memory_area display="no" color="green">
         <name>RESET</name>
         <page_id>0x0</page_id>
         <origin>0xfffe</origin>
         <length>0x2</length>
         <used_space>0x2</used_space>
         <unused_space>0x0</unused_space>
         <attributes>RWIX</attributes>
         <usage_details>
            <allocated_space>
               <start_address>0xfffe</start_address>
               <size>0x2</size>
               <logical_group_ref idref="lg-30"/>
            </allocated_space>
         </usage_details>
      </memory_area>
   </placement_map>
   <symbol_table>
      <symbol id="sm-1">
         <name>IE1</name>
         <value>0x0</value>
      </symbol>
      <symbol id="sm-2">
         <name>IFG1</name>
         <value>0x2</value>
      </symbol>
      <symbol id="sm-3">
         <name>IE2</name>
         <value>0x1</value>
      </symbol>
      <symbol id="sm-4">
         <name>IFG2</name>
         <value>0x3</value>
      </symbol>
      <symbol id="sm-5">
         <name>ADC10DTC0</name>
         <value>0x48</value>
      </symbol>
      <symbol id="sm-6">
         <name>ADC10DTC1</name>
         <value>0x49</value>
      </symbol>
      <symbol id="sm-7">
         <name>ADC10AE0</name>
         <value>0x4a</value>
      </symbol>
      <symbol id="sm-8">
         <name>ADC10AE1</name>
         <value>0x4b</value>
      </symbol>
      <symbol id="sm-9">
         <name>ADC10CTL0</name>
         <value>0x1b0</value>
      </symbol>
      <symbol id="sm-a">
         <name>ADC10CTL1</name>
         <value>0x1b2</value>
      </symbol>
      <symbol id="sm-b">
         <name>ADC10MEM</name>
         <value>0x1b4</value>
      </symbol>
      <symbol id="sm-c">
         <name>ADC10SA</name>
         <value>0x1bc</value>
      </symbol>
      <symbol id="sm-d">
         <name>DCOCTL</name>
         <value>0x56</value>
      </symbol>
      <symbol id="sm-e">
         <name>BCSCTL1</name>
         <value>0x57</value>
      </symbol>
      <symbol id="sm-f">
         <name>BCSCTL2</name>
         <value>0x58</value>
      </symbol>
      <symbol id="sm-10">
         <name>BCSCTL3</name>
         <value>0x53</value>
      </symbol>
      <symbol id="sm-11">
         <name>FCTL1</name>
         <value>0x128</value>
      </symbol>
      <symbol id="sm-12">
         <name>FCTL2</name>
         <value>0x12a</value>
      </symbol>
      <symbol id="sm-13">
         <name>FCTL3</name>
         <value>0x12c</value>
      </symbol>
      <symbol id="sm-14">
         <name>OA0CTL0</name>
         <value>0xc0</value>
      </symbol>
      <symbol id="sm-15">
         <name>OA0CTL1</name>
         <value>0xc1</value>
      </symbol>
      <symbol id="sm-16">
         <name>OA1CTL0</name>
         <value>0xc2</value>
      </symbol>
      <symbol id="sm-17">
         <name>OA1CTL1</name>
         <value>0xc3</value>
      </symbol>
      <symbol id="sm-18">
         <name>P1IN</name>
         <value>0x20</value>
      </symbol>
      <symbol id="sm-19">
         <name>P1OUT</name>
         <value>0x21</value>
      </symbol>
      <symbol id="sm-1a">
         <name>P1DIR</name>
         <value>0x22</value>
      </symbol>
      <symbol id="sm-1b">
         <name>P1IFG</name>
         <value>0x23</value>
      </symbol>
      <symbol id="sm-1c">
         <name>P1IES</name>
         <value>0x24</value>
      </symbol>
      <symbol id="sm-1d">
         <name>P1IE</name>
         <value>0x25</value>
      </symbol>
      <symbol id="sm-1e">
         <name>P1SEL</name>
         <value>0x26</value>
      </symbol>
      <symbol id="sm-1f">
         <name>P1REN</name>
         <value>0x27</value>
      </symbol>
      <symbol id="sm-20">
         <name>P2IN</name>
         <value>0x28</value>
      </symbol>
      <symbol id="sm-21">
         <name>P2OUT</name>
         <value>0x29</value>
      </symbol>
      <symbol id="sm-22">
         <name>P2DIR</name>
         <value>0x2a</value>
      </symbol>
      <symbol id="sm-23">
         <name>P2IFG</name>
         <value>0x2b</value>
      </symbol>
      <symbol id="sm-24">
         <name>P2IES</name>
         <value>0x2c</value>
      </symbol>
      <symbol id="sm-25">
         <name>P2IE</name>
         <value>0x2d</value>
      </symbol>
      <symbol id="sm-26">
         <name>P2SEL</name>
         <value>0x2e</value>
      </symbol>
      <symbol id="sm-27">
         <name>P2REN</name>
         <value>0x2f</value>
      </symbol>
      <symbol id="sm-28">
         <name>P3IN</name>
         <value>0x18</value>
      </symbol>
      <symbol id="sm-29">
         <name>P3OUT</name>
         <value>0x19</value>
      </symbol>
      <symbol id="sm-2a">
         <name>P3DIR</name>
         <value>0x1a</value>
      </symbol>
      <symbol id="sm-2b">
         <name>P3SEL</name>
         <value>0x1b</value>
      </symbol>
      <symbol id="sm-2c">
         <name>P3REN</name>
         <value>0x10</value>
      </symbol>
      <symbol id="sm-2d">
         <name>P4IN</name>
         <value>0x1c</value>
      </symbol>
      <symbol id="sm-2e">
         <name>P4OUT</name>
         <value>0x1d</value>
      </symbol>
      <symbol id="sm-2f">
         <name>P4DIR</name>
         <value>0x1e</value>
      </symbol>
      <symbol id="sm-30">
         <name>P4SEL</name>
         <value>0x1f</value>
      </symbol>
      <symbol id="sm-31">
         <name>P4REN</name>
         <value>0x11</value>
      </symbol>
      <symbol id="sm-32">
         <name>TAIV</name>
         <value>0x12e</value>
      </symbol>
      <symbol id="sm-33">
         <name>TACTL</name>
         <value>0x160</value>
      </symbol>
      <symbol id="sm-34">
         <name>TACCTL0</name>
         <value>0x162</value>
      </symbol>
      <symbol id="sm-35">
         <name>TACCTL1</name>
         <value>0x164</value>
      </symbol>
      <symbol id="sm-36">
         <name>TACCTL2</name>
         <value>0x166</value>
      </symbol>
      <symbol id="sm-37">
         <name>TAR</name>
         <value>0x170</value>
      </symbol>
      <symbol id="sm-38">
         <name>TACCR0</name>
         <value>0x172</value>
      </symbol>
      <symbol id="sm-39">
         <name>TACCR1</name>
         <value>0x174</value>
      </symbol>
      <symbol id="sm-3a">
         <name>TACCR2</name>
         <value>0x176</value>
      </symbol>
      <symbol id="sm-3b">
         <name>TBIV</name>
         <value>0x11e</value>
      </symbol>
      <symbol id="sm-3c">
         <name>TBCTL</name>
         <value>0x180</value>
      </symbol>
      <symbol id="sm-3d">
         <name>TBCCTL0</name>
         <value>0x182</value>
      </symbol>
      <symbol id="sm-3e">
         <name>TBCCTL1</name>
         <value>0x184</value>
      </symbol>
      <symbol id="sm-3f">
         <name>TBCCTL2</name>
         <value>0x186</value>
      </symbol>
      <symbol id="sm-40">
         <name>TBR</name>
         <value>0x190</value>
      </symbol>
      <symbol id="sm-41">
         <name>TBCCR0</name>
         <value>0x192</value>
      </symbol>
      <symbol id="sm-42">
         <name>TBCCR1</name>
         <value>0x194</value>
      </symbol>
      <symbol id="sm-43">
         <name>TBCCR2</name>
         <value>0x196</value>
      </symbol>
      <symbol id="sm-44">
         <name>UCA0CTL0</name>
         <value>0x60</value>
      </symbol>
      <symbol id="sm-45">
         <name>UCA0CTL1</name>
         <value>0x61</value>
      </symbol>
      <symbol id="sm-46">
         <name>UCA0BR0</name>
         <value>0x62</value>
      </symbol>
      <symbol id="sm-47">
         <name>UCA0BR1</name>
         <value>0x63</value>
      </symbol>
      <symbol id="sm-48">
         <name>UCA0MCTL</name>
         <value>0x64</value>
      </symbol>
      <symbol id="sm-49">
         <name>UCA0STAT</name>
         <value>0x65</value>
      </symbol>
      <symbol id="sm-4a">
         <name>UCA0RXBUF</name>
         <value>0x66</value>
      </symbol>
      <symbol id="sm-4b">
         <name>UCA0TXBUF</name>
         <value>0x67</value>
      </symbol>
      <symbol id="sm-4c">
         <name>UCA0ABCTL</name>
         <value>0x5d</value>
      </symbol>
      <symbol id="sm-4d">
         <name>UCA0IRTCTL</name>
         <value>0x5e</value>
      </symbol>
      <symbol id="sm-4e">
         <name>UCA0IRRCTL</name>
         <value>0x5f</value>
      </symbol>
      <symbol id="sm-4f">
         <name>UCB0CTL0</name>
         <value>0x68</value>
      </symbol>
      <symbol id="sm-50">
         <name>UCB0CTL1</name>
         <value>0x69</value>
      </symbol>
      <symbol id="sm-51">
         <name>UCB0BR0</name>
         <value>0x6a</value>
      </symbol>
      <symbol id="sm-52">
         <name>UCB0BR1</name>
         <value>0x6b</value>
      </symbol>
      <symbol id="sm-53">
         <name>UCB0I2CIE</name>
         <value>0x6c</value>
      </symbol>
      <symbol id="sm-54">
         <name>UCB0STAT</name>
         <value>0x6d</value>
      </symbol>
      <symbol id="sm-55">
         <name>UCB0RXBUF</name>
         <value>0x6e</value>
      </symbol>
      <symbol id="sm-56">
         <name>UCB0TXBUF</name>
         <value>0x6f</value>
      </symbol>
      <symbol id="sm-57">
         <name>UCB0I2COA</name>
         <value>0x118</value>
      </symbol>
      <symbol id="sm-58">
         <name>UCB0I2CSA</name>
         <value>0x11a</value>
      </symbol>
      <symbol id="sm-59">
         <name>WDTCTL</name>
         <value>0x120</value>
      </symbol>
      <symbol id="sm-5a">
         <name>CALDCO_16MHZ</name>
         <value>0x10f8</value>
      </symbol>
      <symbol id="sm-5b">
         <name>CALBC1_16MHZ</name>
         <value>0x10f9</value>
      </symbol>
      <symbol id="sm-5c">
         <name>CALDCO_12MHZ</name>
         <value>0x10fa</value>
      </symbol>
      <symbol id="sm-5d">
         <name>CALBC1_12MHZ</name>
         <value>0x10fb</value>
      </symbol>
      <symbol id="sm-5e">
         <name>CALDCO_8MHZ</name>
         <value>0x10fc</value>
      </symbol>
      <symbol id="sm-5f">
         <name>CALBC1_8MHZ</name>
         <value>0x10fd</value>
      </symbol>
      <symbol id="sm-60">
         <name>CALDCO_1MHZ</name>
         <value>0x10fe</value>
      </symbol>
      <symbol id="sm-61">
         <name>CALBC1_1MHZ</name>
         <value>0x10ff</value>
      </symbol>
      <symbol id="sm-62">
         <name>__STACK_SIZE</name>
         <value>0x50</value>
      </symbol>
      <symbol id="sm-63">
         <name>__STACK_END</name>
         <value>0x600</value>
      </symbol>
      <symbol id="sm-64">
         <name>__c_args__</name>
         <value>0xffffffff</value>
      </symbol>
      <symbol id="sm-65">
         <name>__TI_pprof_out_hndl</name>
         <value>0xffffffff</value>
      </symbol>
      <symbol id="sm-66">
         <name>__TI_prof_data_start</name>
         <value>0xffffffff</value>
      </symbol>
      <symbol id="sm-67">
         <name>__TI_prof_data_size</name>
         <value>0xffffffff</value>
      </symbol>
      <symbol id="sm-da">
         <name>__TI_int03</name>
         <value>0xffe6</value>
         <object_component_ref idref="oc-3f"/>
      </symbol>
      <symbol id="sm-db">
         <name>flash_erase</name>
         <value>0x8054</value>
         <object_component_ref idref="oc-178"/>
      </symbol>
      <symbol id="sm-dc">
         <name>flash_write</name>
         <value>0x8072</value>
         <object_component_ref idref="oc-17e"/>
      </symbol>
      <symbol id="sm-dd">
         <name>main</name>
         <value>0x8000</value>
         <object_component_ref idref="oc-147"/>
      </symbol>
      <symbol id="sm-de">
         <name>PORT2_ISR</name>
         <value>0x80a4</value>
         <object_component_ref idref="oc-dc"/>
      </symbol>
      <symbol id="sm-df">
         <name>flash_init</name>
         <value>0x80be</value>
         <object_component_ref idref="oc-172"/>
      </symbol>
      <symbol id="sm-e3">
         <name>__TI_int02</name>
         <value>0xffe4</value>
         <object_component_ref idref="oc-3e"/>
      </symbol>
      <symbol id="sm-e6">
         <name>__TI_int05</name>
         <value>0xffea</value>
         <object_component_ref idref="oc-40"/>
      </symbol>
      <symbol id="sm-e9">
         <name>__TI_int06</name>
         <value>0xffec</value>
         <object_component_ref idref="oc-41"/>
      </symbol>
      <symbol id="sm-ec">
         <name>__TI_int07</name>
         <value>0xffee</value>
         <object_component_ref idref="oc-42"/>
      </symbol>
      <symbol id="sm-ef">
         <name>__TI_int08</name>
         <value>0xfff0</value>
         <object_component_ref idref="oc-43"/>
      </symbol>
      <symbol id="sm-f2">
         <name>__TI_int09</name>
         <value>0xfff2</value>
         <object_component_ref idref="oc-44"/>
      </symbol>
      <symbol id="sm-f5">
         <name>__TI_int10</name>
         <value>0xfff4</value>
         <object_component_ref idref="oc-45"/>
      </symbol>
      <symbol id="sm-f8">
         <name>__TI_int12</name>
         <value>0xfff8</value>
         <object_component_ref idref="oc-46"/>
      </symbol>
      <symbol id="sm-fb">
         <name>__TI_int13</name>
         <value>0xfffa</value>
         <object_component_ref idref="oc-47"/>
      </symbol>
      <symbol id="sm-fe">
         <name>__TI_int14</name>
         <value>0xfffc</value>
         <object_component_ref idref="oc-48"/>
      </symbol>
      <symbol id="sm-106">
         <name>__TI_ISR_TRAP</name>
         <value>0x80b6</value>
         <object_component_ref idref="oc-d7"/>
      </symbol>
      <symbol id="sm-115">
         <name>_c_int00_noinit_noargs</name>
         <value>0x8090</value>
         <object_component_ref idref="oc-ee"/>
      </symbol>
      <symbol id="sm-116">
         <name>_stack</name>
         <value>0x5b0</value>
         <object_component_ref idref="oc-ac"/>
      </symbol>
      <symbol id="sm-117">
         <name>_reset_vector</name>
         <value>0xfffe</value>
         <object_component_ref idref="oc-af"/>
      </symbol>
      <symbol id="sm-124">
         <name>_system_pre_init</name>
         <value>0x80cc</value>
         <object_component_ref idref="oc-141"/>
      </symbol>
      <symbol id="sm-131">
         <name>C$$EXIT</name>
         <value>0x80c6</value>
         <object_component_ref idref="oc-185"/>
      </symbol>
      <symbol id="sm-132">
         <name>abort</name>
         <value>0x80c6</value>
         <object_component_ref idref="oc-185"/>
      </symbol>
   </symbol_table>
   <title>Link successful</title>
</link_info>
