<?xml version="1.0" encoding="ISO-8859-1" ?>
<link_info>
   <banner>MSP430 Linker PC v18.1.4.LTS</banner>
   <copyright>Copyright (c) 2003-2018 Texas Instruments Incorporated</copyright>
   <link_time>0x5c84d415</link_time>
   <link_errors>0x0</link_errors>
   <output_file>12a_uart.out</output_file>
   <entry_point>
      <name>_c_int00_noinit_noargs</name>
      <address>0x80a8</address>
   </entry_point>
   <input_file_list>
      <input_file id="fl-2">
         <path>.\</path>
         <kind>object</kind>
         <file>main.obj</file>
         <name>main.obj</name>
      </input_file>
      <input_file id="fl-7">
         <kind>object</kind>
         <file>&lt;internal&gt;</file>
         <name>&lt;internal&gt;</name>
      </input_file>
      <input_file id="fl-1d">
         <path>C:\ti\ccsv8\tools\compiler\ti-cgt-msp430_18.1.4.LTS\lib\</path>
         <kind>archive</kind>
         <file>rts430_eabi.lib</file>
         <name>int02.asm.obj</name>
      </input_file>
      <input_file id="fl-1e">
         <path>C:\ti\ccsv8\tools\compiler\ti-cgt-msp430_18.1.4.LTS\lib\</path>
         <kind>archive</kind>
         <file>rts430_eabi.lib</file>
         <name>int05.asm.obj</name>
      </input_file>
      <input_file id="fl-1f">
         <path>C:\ti\ccsv8\tools\compiler\ti-cgt-msp430_18.1.4.LTS\lib\</path>
         <kind>archive</kind>
         <file>rts430_eabi.lib</file>
         <name>int06.asm.obj</name>
      </input_file>
      <input_file id="fl-20">
         <path>C:\ti\ccsv8\tools\compiler\ti-cgt-msp430_18.1.4.LTS\lib\</path>
         <kind>archive</kind>
         <file>rts430_eabi.lib</file>
         <name>int08.asm.obj</name>
      </input_file>
      <input_file id="fl-21">
         <path>C:\ti\ccsv8\tools\compiler\ti-cgt-msp430_18.1.4.LTS\lib\</path>
         <kind>archive</kind>
         <file>rts430_eabi.lib</file>
         <name>int09.asm.obj</name>
      </input_file>
      <input_file id="fl-22">
         <path>C:\ti\ccsv8\tools\compiler\ti-cgt-msp430_18.1.4.LTS\lib\</path>
         <kind>archive</kind>
         <file>rts430_eabi.lib</file>
         <name>int10.asm.obj</name>
      </input_file>
      <input_file id="fl-23">
         <path>C:\ti\ccsv8\tools\compiler\ti-cgt-msp430_18.1.4.LTS\lib\</path>
         <kind>archive</kind>
         <file>rts430_eabi.lib</file>
         <name>int12.asm.obj</name>
      </input_file>
      <input_file id="fl-24">
         <path>C:\ti\ccsv8\tools\compiler\ti-cgt-msp430_18.1.4.LTS\lib\</path>
         <kind>archive</kind>
         <file>rts430_eabi.lib</file>
         <name>int13.asm.obj</name>
      </input_file>
      <input_file id="fl-25">
         <path>C:\ti\ccsv8\tools\compiler\ti-cgt-msp430_18.1.4.LTS\lib\</path>
         <kind>archive</kind>
         <file>rts430_eabi.lib</file>
         <name>int14.asm.obj</name>
      </input_file>
      <input_file id="fl-26">
         <path>C:\ti\ccsv8\tools\compiler\ti-cgt-msp430_18.1.4.LTS\lib\</path>
         <kind>archive</kind>
         <file>rts430_eabi.lib</file>
         <name>isr_trap.asm.obj</name>
      </input_file>
      <input_file id="fl-27">
         <path>C:\ti\ccsv8\tools\compiler\ti-cgt-msp430_18.1.4.LTS\lib\</path>
         <kind>archive</kind>
         <file>rts430_eabi.lib</file>
         <name>boot.c.obj</name>
      </input_file>
      <input_file id="fl-28">
         <path>C:\ti\ccsv8\tools\compiler\ti-cgt-msp430_18.1.4.LTS\lib\</path>
         <kind>archive</kind>
         <file>rts430_eabi.lib</file>
         <name>autoinit.c.obj</name>
      </input_file>
      <input_file id="fl-29">
         <path>C:\ti\ccsv8\tools\compiler\ti-cgt-msp430_18.1.4.LTS\lib\</path>
         <kind>archive</kind>
         <file>rts430_eabi.lib</file>
         <name>copy_zero_init.c.obj</name>
      </input_file>
      <input_file id="fl-2a">
         <path>C:\ti\ccsv8\tools\compiler\ti-cgt-msp430_18.1.4.LTS\lib\</path>
         <kind>archive</kind>
         <file>rts430_eabi.lib</file>
         <name>cpy_tbl.c.obj</name>
      </input_file>
      <input_file id="fl-2b">
         <path>C:\ti\ccsv8\tools\compiler\ti-cgt-msp430_18.1.4.LTS\lib\</path>
         <kind>archive</kind>
         <file>rts430_eabi.lib</file>
         <name>mpu_init.c.obj</name>
      </input_file>
      <input_file id="fl-2c">
         <path>C:\ti\ccsv8\tools\compiler\ti-cgt-msp430_18.1.4.LTS\lib\</path>
         <kind>archive</kind>
         <file>rts430_eabi.lib</file>
         <name>pre_init.c.obj</name>
      </input_file>
      <input_file id="fl-2d">
         <path>C:\ti\ccsv8\tools\compiler\ti-cgt-msp430_18.1.4.LTS\lib\</path>
         <kind>archive</kind>
         <file>rts430_eabi.lib</file>
         <name>startup.c.obj</name>
      </input_file>
      <input_file id="fl-2e">
         <path>C:\ti\ccsv8\tools\compiler\ti-cgt-msp430_18.1.4.LTS\lib\</path>
         <kind>archive</kind>
         <file>rts430_eabi.lib</file>
         <name>copy_decompress_none.c.obj</name>
      </input_file>
      <input_file id="fl-2f">
         <path>C:\ti\ccsv8\tools\compiler\ti-cgt-msp430_18.1.4.LTS\lib\</path>
         <kind>archive</kind>
         <file>rts430_eabi.lib</file>
         <name>copy_decompress_lzss.c.obj</name>
      </input_file>
      <input_file id="fl-30">
         <path>C:\ti\ccsv8\tools\compiler\ti-cgt-msp430_18.1.4.LTS\lib\</path>
         <kind>archive</kind>
         <file>rts430_eabi.lib</file>
         <name>exit.c.obj</name>
      </input_file>
      <input_file id="fl-31">
         <path>C:\ti\ccsv8\tools\compiler\ti-cgt-msp430_18.1.4.LTS\lib\</path>
         <kind>archive</kind>
         <file>rts430_eabi.lib</file>
         <name>_lock.c.obj</name>
      </input_file>
      <input_file id="fl-32">
         <path>C:\ti\ccsv8\tools\compiler\ti-cgt-msp430_18.1.4.LTS\lib\</path>
         <kind>archive</kind>
         <file>rts430_eabi.lib</file>
         <name>args_main.c.obj</name>
      </input_file>
      <input_file id="fl-33">
         <path>C:\ti\ccsv8\tools\compiler\ti-cgt-msp430_18.1.4.LTS\lib\</path>
         <kind>archive</kind>
         <file>rts430_eabi.lib</file>
         <name>memcpy.c.obj</name>
      </input_file>
      <input_file id="fl-34">
         <path>C:\ti\ccsv8\tools\compiler\ti-cgt-msp430_18.1.4.LTS\lib\</path>
         <kind>archive</kind>
         <file>rts430_eabi.lib</file>
         <name>epilog.asm.obj</name>
      </input_file>
      <input_file id="fl-35">
         <path>C:\ti\ccsv8\tools\compiler\ti-cgt-msp430_18.1.4.LTS\lib\</path>
         <kind>archive</kind>
         <file>rts430_eabi.lib</file>
         <name>lsl16.asm.obj</name>
      </input_file>
      <input_file id="fl-36">
         <path>C:\ti\ccsv8\tools\compiler\ti-cgt-msp430_18.1.4.LTS\lib\</path>
         <kind>archive</kind>
         <file>rts430_eabi.lib</file>
         <name>lsr16.asm.obj</name>
      </input_file>
      <input_file id="fl-37">
         <path>C:\ti\ccsv8\tools\compiler\ti-cgt-msp430_18.1.4.LTS\lib\</path>
         <kind>archive</kind>
         <file>rts430_eabi.lib</file>
         <name>mult16.asm.obj</name>
      </input_file>
      <input_file id="fl-38">
         <path>C:\ti\ccsv8\tools\compiler\ti-cgt-msp430_18.1.4.LTS\lib\</path>
         <kind>archive</kind>
         <file>rts430_eabi.lib</file>
         <name>exit_gvars.c.obj</name>
      </input_file>
   </input_file_list>
   <object_component_list>
      <object_component id="oc-ac">
         <name>.stack</name>
         <uninitialized>true</uninitialized>
         <run_address>0x5b0</run_address>
         <size>0x2</size>
         <input_file_ref idref="fl-27"/>
      </object_component>
      <object_component id="oc-263">
         <name>.stack</name>
         <uninitialized>true</uninitialized>
         <run_address>0x5b0</run_address>
         <size>0x0</size>
      </object_component>
      <object_component id="oc-14e">
         <name>.text:main</name>
         <load_address>0x8000</load_address>
         <run_address>0x8000</run_address>
         <size>0x62</size>
         <input_file_ref idref="fl-2"/>
      </object_component>
      <object_component id="oc-dc">
         <name>.text:PORT2_ISR</name>
         <load_address>0x8062</load_address>
         <run_address>0x8062</run_address>
         <size>0x46</size>
         <input_file_ref idref="fl-2"/>
      </object_component>
      <object_component id="oc-f4">
         <name>.text:_c_int00_noinit_noargs</name>
         <load_address>0x80a8</load_address>
         <run_address>0x80a8</run_address>
         <size>0x14</size>
         <input_file_ref idref="fl-27"/>
      </object_component>
      <object_component id="oc-e2">
         <name>.text:USCI0RX_ISR</name>
         <load_address>0x80bc</load_address>
         <run_address>0x80bc</run_address>
         <size>0x12</size>
         <input_file_ref idref="fl-2"/>
      </object_component>
      <object_component id="oc-d7">
         <name>.text:_isr:__TI_ISR_TRAP</name>
         <load_address>0x80ce</load_address>
         <run_address>0x80ce</run_address>
         <size>0x8</size>
         <input_file_ref idref="fl-26"/>
      </object_component>
      <object_component id="oc-177">
         <name>.text:abort</name>
         <load_address>0x80d6</load_address>
         <run_address>0x80d6</run_address>
         <size>0x6</size>
         <input_file_ref idref="fl-30"/>
      </object_component>
      <object_component id="oc-148">
         <name>.text:_system_pre_init</name>
         <load_address>0x80dc</load_address>
         <run_address>0x80dc</run_address>
         <size>0x4</size>
         <input_file_ref idref="fl-2c"/>
      </object_component>
      <object_component id="oc-224">
         <name>.binit</name>
         <load_address>0x8000</load_address>
         <run_address>0x8000</run_address>
         <size>0x0</size>
      </object_component>
      <object_component id="oc-3e">
         <name>.int02</name>
         <load_address>0xffe4</load_address>
         <run_address>0xffe4</run_address>
         <size>0x2</size>
         <input_file_ref idref="fl-1d"/>
      </object_component>
      <object_component id="oc-3f">
         <name>.int03</name>
         <load_address>0xffe6</load_address>
         <run_address>0xffe6</run_address>
         <size>0x2</size>
         <input_file_ref idref="fl-2"/>
      </object_component>
      <object_component id="oc-40">
         <name>.int05</name>
         <load_address>0xffea</load_address>
         <run_address>0xffea</run_address>
         <size>0x2</size>
         <input_file_ref idref="fl-1e"/>
      </object_component>
      <object_component id="oc-41">
         <name>.int06</name>
         <load_address>0xffec</load_address>
         <run_address>0xffec</run_address>
         <size>0x2</size>
         <input_file_ref idref="fl-1f"/>
      </object_component>
      <object_component id="oc-42">
         <name>.int07</name>
         <load_address>0xffee</load_address>
         <run_address>0xffee</run_address>
         <size>0x2</size>
         <input_file_ref idref="fl-2"/>
      </object_component>
      <object_component id="oc-43">
         <name>.int08</name>
         <load_address>0xfff0</load_address>
         <run_address>0xfff0</run_address>
         <size>0x2</size>
         <input_file_ref idref="fl-20"/>
      </object_component>
      <object_component id="oc-44">
         <name>.int09</name>
         <load_address>0xfff2</load_address>
         <run_address>0xfff2</run_address>
         <size>0x2</size>
         <input_file_ref idref="fl-21"/>
      </object_component>
      <object_component id="oc-45">
         <name>.int10</name>
         <load_address>0xfff4</load_address>
         <run_address>0xfff4</run_address>
         <size>0x2</size>
         <input_file_ref idref="fl-22"/>
      </object_component>
      <object_component id="oc-46">
         <name>.int12</name>
         <load_address>0xfff8</load_address>
         <run_address>0xfff8</run_address>
         <size>0x2</size>
         <input_file_ref idref="fl-23"/>
      </object_component>
      <object_component id="oc-47">
         <name>.int13</name>
         <load_address>0xfffa</load_address>
         <run_address>0xfffa</run_address>
         <size>0x2</size>
         <input_file_ref idref="fl-24"/>
      </object_component>
      <object_component id="oc-48">
         <name>.int14</name>
         <load_address>0xfffc</load_address>
         <run_address>0xfffc</run_address>
         <size>0x2</size>
         <input_file_ref idref="fl-25"/>
      </object_component>
      <object_component id="oc-af">
         <name>.reset</name>
         <load_address>0xfffe</load_address>
         <run_address>0xfffe</run_address>
         <size>0x2</size>
         <input_file_ref idref="fl-27"/>
      </object_component>
      <object_component id="oc-14f">
         <name>.debug_info</name>
         <load_address>0x0</load_address>
         <run_address>0x0</run_address>
         <size>0xfd</size>
         <input_file_ref idref="fl-2"/>
      </object_component>
      <object_component id="oc-e3">
         <name>.debug_info</name>
         <load_address>0xfd</load_address>
         <run_address>0xfd</run_address>
         <size>0x113</size>
         <input_file_ref idref="fl-2"/>
      </object_component>
      <object_component id="oc-dd">
         <name>.debug_info</name>
         <load_address>0x210</load_address>
         <run_address>0x210</run_address>
         <size>0x10f</size>
         <input_file_ref idref="fl-2"/>
      </object_component>
      <object_component id="oc-c5">
         <name>.debug_info</name>
         <load_address>0x31f</load_address>
         <run_address>0x31f</run_address>
         <size>0x84</size>
         <input_file_ref idref="fl-2"/>
      </object_component>
      <object_component id="oc-d9">
         <name>.debug_info</name>
         <load_address>0x3a3</load_address>
         <run_address>0x3a3</run_address>
         <size>0x112</size>
         <input_file_ref idref="fl-26"/>
      </object_component>
      <object_component id="oc-ad">
         <name>.debug_info</name>
         <load_address>0x4b5</load_address>
         <run_address>0x4b5</run_address>
         <size>0x100</size>
         <input_file_ref idref="fl-27"/>
      </object_component>
      <object_component id="oc-f5">
         <name>.debug_info</name>
         <load_address>0x5b5</load_address>
         <run_address>0x5b5</run_address>
         <size>0x177</size>
         <input_file_ref idref="fl-27"/>
      </object_component>
      <object_component id="oc-149">
         <name>.debug_info</name>
         <load_address>0x72c</load_address>
         <run_address>0x72c</run_address>
         <size>0x153</size>
         <input_file_ref idref="fl-2c"/>
      </object_component>
      <object_component id="oc-178">
         <name>.debug_info</name>
         <load_address>0x87f</load_address>
         <run_address>0x87f</run_address>
         <size>0x122</size>
         <input_file_ref idref="fl-30"/>
      </object_component>
      <object_component id="oc-264">
         <name>.debug_info</name>
         <load_address>0x9a1</load_address>
         <run_address>0x9a1</run_address>
         <size>0xb4</size>
      </object_component>
      <object_component id="oc-152">
         <name>.debug_line</name>
         <load_address>0x0</load_address>
         <run_address>0x0</run_address>
         <size>0x54</size>
         <input_file_ref idref="fl-2"/>
      </object_component>
      <object_component id="oc-e7">
         <name>.debug_line</name>
         <load_address>0x54</load_address>
         <run_address>0x54</run_address>
         <size>0x44</size>
         <input_file_ref idref="fl-2"/>
      </object_component>
      <object_component id="oc-e1">
         <name>.debug_line</name>
         <load_address>0x98</load_address>
         <run_address>0x98</run_address>
         <size>0x59</size>
         <input_file_ref idref="fl-2"/>
      </object_component>
      <object_component id="oc-c8">
         <name>.debug_line</name>
         <load_address>0xf1</load_address>
         <run_address>0xf1</run_address>
         <size>0x20</size>
         <input_file_ref idref="fl-2"/>
      </object_component>
      <object_component id="oc-d8">
         <name>.debug_line</name>
         <load_address>0x111</load_address>
         <run_address>0x111</run_address>
         <size>0x3d</size>
         <input_file_ref idref="fl-26"/>
      </object_component>
      <object_component id="oc-125">
         <name>.debug_line</name>
         <load_address>0x14e</load_address>
         <run_address>0x14e</run_address>
         <size>0x2a</size>
         <input_file_ref idref="fl-27"/>
      </object_component>
      <object_component id="oc-f8">
         <name>.debug_line</name>
         <load_address>0x178</load_address>
         <run_address>0x178</run_address>
         <size>0x43</size>
         <input_file_ref idref="fl-27"/>
      </object_component>
      <object_component id="oc-14c">
         <name>.debug_line</name>
         <load_address>0x1bb</load_address>
         <run_address>0x1bb</run_address>
         <size>0x3e</size>
         <input_file_ref idref="fl-2c"/>
      </object_component>
      <object_component id="oc-17b">
         <name>.debug_line</name>
         <load_address>0x1f9</load_address>
         <run_address>0x1f9</run_address>
         <size>0x3d</size>
         <input_file_ref idref="fl-30"/>
      </object_component>
      <object_component id="oc-153">
         <name>.debug_frame</name>
         <load_address>0x0</load_address>
         <run_address>0x0</run_address>
         <size>0x3c</size>
         <input_file_ref idref="fl-2"/>
      </object_component>
      <object_component id="oc-e6">
         <name>.debug_frame</name>
         <load_address>0x3c</load_address>
         <run_address>0x3c</run_address>
         <size>0x3c</size>
         <input_file_ref idref="fl-2"/>
      </object_component>
      <object_component id="oc-e0">
         <name>.debug_frame</name>
         <load_address>0x78</load_address>
         <run_address>0x78</run_address>
         <size>0x3c</size>
         <input_file_ref idref="fl-2"/>
      </object_component>
      <object_component id="oc-f9">
         <name>.debug_frame</name>
         <load_address>0xb4</load_address>
         <run_address>0xb4</run_address>
         <size>0x34</size>
         <input_file_ref idref="fl-27"/>
      </object_component>
      <object_component id="oc-14d">
         <name>.debug_frame</name>
         <load_address>0xe8</load_address>
         <run_address>0xe8</run_address>
         <size>0x3c</size>
         <input_file_ref idref="fl-2c"/>
      </object_component>
      <object_component id="oc-17c">
         <name>.debug_frame</name>
         <load_address>0x124</load_address>
         <run_address>0x124</run_address>
         <size>0x3c</size>
         <input_file_ref idref="fl-30"/>
      </object_component>
      <object_component id="oc-176">
         <name>.debug_abbrev</name>
         <load_address>0x0</load_address>
         <run_address>0x0</run_address>
         <size>0x44</size>
         <input_file_ref idref="fl-2"/>
      </object_component>
      <object_component id="oc-13f">
         <name>.debug_abbrev</name>
         <load_address>0x44</load_address>
         <run_address>0x44</run_address>
         <size>0x53</size>
         <input_file_ref idref="fl-2"/>
      </object_component>
      <object_component id="oc-13e">
         <name>.debug_abbrev</name>
         <load_address>0x97</load_address>
         <run_address>0x97</run_address>
         <size>0x53</size>
         <input_file_ref idref="fl-2"/>
      </object_component>
      <object_component id="oc-c7">
         <name>.debug_abbrev</name>
         <load_address>0xea</load_address>
         <run_address>0xea</run_address>
         <size>0x1f</size>
         <input_file_ref idref="fl-2"/>
      </object_component>
      <object_component id="oc-13d">
         <name>.debug_abbrev</name>
         <load_address>0x109</load_address>
         <run_address>0x109</run_address>
         <size>0x28</size>
         <input_file_ref idref="fl-26"/>
      </object_component>
      <object_component id="oc-124">
         <name>.debug_abbrev</name>
         <load_address>0x131</load_address>
         <run_address>0x131</run_address>
         <size>0x29</size>
         <input_file_ref idref="fl-27"/>
      </object_component>
      <object_component id="oc-155">
         <name>.debug_abbrev</name>
         <load_address>0x15a</load_address>
         <run_address>0x15a</run_address>
         <size>0x58</size>
         <input_file_ref idref="fl-27"/>
      </object_component>
      <object_component id="oc-175">
         <name>.debug_abbrev</name>
         <load_address>0x1b2</load_address>
         <run_address>0x1b2</run_address>
         <size>0x55</size>
         <input_file_ref idref="fl-2c"/>
      </object_component>
      <object_component id="oc-1b6">
         <name>.debug_abbrev</name>
         <load_address>0x207</load_address>
         <run_address>0x207</run_address>
         <size>0x45</size>
         <input_file_ref idref="fl-30"/>
      </object_component>
      <object_component id="oc-265">
         <name>.debug_abbrev</name>
         <load_address>0x24c</load_address>
         <run_address>0x24c</run_address>
         <size>0xf</size>
      </object_component>
      <object_component id="oc-c9">
         <name>.debug_str</name>
         <load_address>0x0</load_address>
         <run_address>0x0</run_address>
         <size>0xfa</size>
         <input_file_ref idref="fl-2"/>
      </object_component>
      <object_component id="oc-150">
         <name>.debug_aranges</name>
         <load_address>0x0</load_address>
         <run_address>0x0</run_address>
         <size>0x20</size>
         <input_file_ref idref="fl-2"/>
      </object_component>
      <object_component id="oc-e4">
         <name>.debug_aranges</name>
         <load_address>0x20</load_address>
         <run_address>0x20</run_address>
         <size>0x20</size>
         <input_file_ref idref="fl-2"/>
      </object_component>
      <object_component id="oc-de">
         <name>.debug_aranges</name>
         <load_address>0x40</load_address>
         <run_address>0x40</run_address>
         <size>0x20</size>
         <input_file_ref idref="fl-2"/>
      </object_component>
      <object_component id="oc-da">
         <name>.debug_aranges</name>
         <load_address>0x60</load_address>
         <run_address>0x60</run_address>
         <size>0x20</size>
         <input_file_ref idref="fl-26"/>
      </object_component>
      <object_component id="oc-f7">
         <name>.debug_aranges</name>
         <load_address>0x80</load_address>
         <run_address>0x80</run_address>
         <size>0x20</size>
         <input_file_ref idref="fl-27"/>
      </object_component>
      <object_component id="oc-14a">
         <name>.debug_aranges</name>
         <load_address>0xa0</load_address>
         <run_address>0xa0</run_address>
         <size>0x20</size>
         <input_file_ref idref="fl-2c"/>
      </object_component>
      <object_component id="oc-17a">
         <name>.debug_aranges</name>
         <load_address>0xc0</load_address>
         <run_address>0xc0</run_address>
         <size>0x20</size>
         <input_file_ref idref="fl-30"/>
      </object_component>
      <object_component id="oc-151">
         <name>.debug_pubnames</name>
         <load_address>0x0</load_address>
         <run_address>0x0</run_address>
         <size>0x1b</size>
         <input_file_ref idref="fl-2"/>
      </object_component>
      <object_component id="oc-e5">
         <name>.debug_pubnames</name>
         <load_address>0x1b</load_address>
         <run_address>0x1b</run_address>
         <size>0x22</size>
         <input_file_ref idref="fl-2"/>
      </object_component>
      <object_component id="oc-df">
         <name>.debug_pubnames</name>
         <load_address>0x3d</load_address>
         <run_address>0x3d</run_address>
         <size>0x20</size>
         <input_file_ref idref="fl-2"/>
      </object_component>
      <object_component id="oc-db">
         <name>.debug_pubnames</name>
         <load_address>0x5d</load_address>
         <run_address>0x5d</run_address>
         <size>0x2b</size>
         <input_file_ref idref="fl-26"/>
      </object_component>
      <object_component id="oc-ae">
         <name>.debug_pubnames</name>
         <load_address>0x88</load_address>
         <run_address>0x88</run_address>
         <size>0x1d</size>
         <input_file_ref idref="fl-27"/>
      </object_component>
      <object_component id="oc-f6">
         <name>.debug_pubnames</name>
         <load_address>0xa5</load_address>
         <run_address>0xa5</run_address>
         <size>0x2d</size>
         <input_file_ref idref="fl-27"/>
      </object_component>
      <object_component id="oc-14b">
         <name>.debug_pubnames</name>
         <load_address>0xd2</load_address>
         <run_address>0xd2</run_address>
         <size>0x27</size>
         <input_file_ref idref="fl-2c"/>
      </object_component>
      <object_component id="oc-179">
         <name>.debug_pubnames</name>
         <load_address>0xf9</load_address>
         <run_address>0xf9</run_address>
         <size>0x1c</size>
         <input_file_ref idref="fl-30"/>
      </object_component>
      <object_component id="oc-c6">
         <name>.debug_pubtypes</name>
         <load_address>0x0</load_address>
         <run_address>0x0</run_address>
         <size>0xed</size>
         <input_file_ref idref="fl-2"/>
      </object_component>
   </object_component_list>
   <logical_group_list>
      <logical_group id="lg-2" display="no" color="cyan">
         <name>.bss</name>
         <run_address>0x0</run_address>
         <size>0x0</size>
         <contents>
         </contents>
      </logical_group>
      <logical_group id="lg-3" display="no" color="cyan">
         <name>.data</name>
         <run_address>0x0</run_address>
         <size>0x0</size>
         <contents>
         </contents>
      </logical_group>
      <logical_group id="lg-4" display="no" color="cyan">
         <name>.TI.noinit</name>
         <run_address>0x0</run_address>
         <size>0x0</size>
         <contents>
         </contents>
      </logical_group>
      <logical_group id="lg-5" display="no" color="cyan">
         <name>.sysmem</name>
         <run_address>0x0</run_address>
         <size>0x0</size>
         <contents>
         </contents>
      </logical_group>
      <logical_group id="lg-6" display="no" color="cyan">
         <name>.stack</name>
         <run_address>0x5b0</run_address>
         <size>0x50</size>
         <contents>
            <object_component_ref idref="oc-ac"/>
            <object_component_ref idref="oc-263"/>
         </contents>
      </logical_group>
      <logical_group id="lg-7" display="no" color="cyan">
         <name>.text</name>
         <load_address>0x8000</load_address>
         <run_address>0x8000</run_address>
         <size>0xe0</size>
         <contents>
            <object_component_ref idref="oc-14e"/>
            <object_component_ref idref="oc-dc"/>
            <object_component_ref idref="oc-f4"/>
            <object_component_ref idref="oc-e2"/>
            <object_component_ref idref="oc-d7"/>
            <object_component_ref idref="oc-177"/>
            <object_component_ref idref="oc-148"/>
         </contents>
      </logical_group>
      <logical_group id="lg-8" display="no" color="cyan">
         <name>.cinit</name>
         <run_address>0x0</run_address>
         <size>0x0</size>
         <contents>
         </contents>
      </logical_group>
      <logical_group id="lg-9" display="no" color="cyan">
         <name>.const</name>
         <run_address>0x0</run_address>
         <size>0x0</size>
         <contents>
         </contents>
      </logical_group>
      <logical_group id="lg-a" display="no" color="cyan">
         <name>.bslsignature</name>
         <run_address>0x0</run_address>
         <size>0x0</size>
         <contents>
         </contents>
      </logical_group>
      <logical_group id="lg-b" display="no" color="cyan">
         <name>.cio</name>
         <run_address>0x0</run_address>
         <size>0x0</size>
         <contents>
         </contents>
      </logical_group>
      <logical_group id="lg-c" display="no" color="cyan">
         <name>.pinit</name>
         <run_address>0x0</run_address>
         <size>0x0</size>
         <contents>
         </contents>
      </logical_group>
      <logical_group id="lg-d" display="no" color="cyan">
         <name>.binit</name>
         <load_address>0x8000</load_address>
         <run_address>0x8000</run_address>
         <size>0x0</size>
         <contents>
            <object_component_ref idref="oc-224"/>
         </contents>
      </logical_group>
      <logical_group id="lg-e" display="no" color="cyan">
         <name>.init_array</name>
         <run_address>0x0</run_address>
         <size>0x0</size>
         <contents>
         </contents>
      </logical_group>
      <logical_group id="lg-f" display="no" color="cyan">
         <name>.mspabi.exidx</name>
         <run_address>0x0</run_address>
         <size>0x0</size>
         <contents>
         </contents>
      </logical_group>
      <logical_group id="lg-10" display="no" color="cyan">
         <name>.mspabi.extab</name>
         <run_address>0x0</run_address>
         <size>0x0</size>
         <contents>
         </contents>
      </logical_group>
      <logical_group id="lg-11" display="no" color="cyan">
         <name>.TI.ramfunc</name>
         <run_address>0x0</run_address>
         <size>0x0</size>
         <contents>
         </contents>
      </logical_group>
      <logical_group id="lg-12" display="no" color="cyan">
         <name>.infoA</name>
         <run_address>0x0</run_address>
         <size>0x0</size>
         <contents>
         </contents>
      </logical_group>
      <logical_group id="lg-13" display="no" color="cyan">
         <name>.infoB</name>
         <run_address>0x0</run_address>
         <size>0x0</size>
         <contents>
         </contents>
      </logical_group>
      <logical_group id="lg-14" display="no" color="cyan">
         <name>.infoC</name>
         <run_address>0x0</run_address>
         <size>0x0</size>
         <contents>
         </contents>
      </logical_group>
      <logical_group id="lg-15" display="no" color="cyan">
         <name>.infoD</name>
         <run_address>0x0</run_address>
         <size>0x0</size>
         <contents>
         </contents>
      </logical_group>
      <logical_group id="lg-16" display="no" color="cyan">
         <name>.int00</name>
         <run_address>0x0</run_address>
         <size>0x0</size>
         <contents>
         </contents>
      </logical_group>
      <logical_group id="lg-17" display="no" color="cyan">
         <name>.int01</name>
         <run_address>0x0</run_address>
         <size>0x0</size>
         <contents>
         </contents>
      </logical_group>
      <logical_group id="lg-18" display="no" color="cyan">
         <name>PORT1</name>
         <load_address>0xffe4</load_address>
         <run_address>0xffe4</run_address>
         <size>0x2</size>
         <contents>
            <object_component_ref idref="oc-3e"/>
         </contents>
      </logical_group>
      <logical_group id="lg-1a" display="no" color="cyan">
         <name>PORT2</name>
         <load_address>0xffe6</load_address>
         <run_address>0xffe6</run_address>
         <size>0x2</size>
         <contents>
            <object_component_ref idref="oc-3f"/>
         </contents>
      </logical_group>
      <logical_group id="lg-1c" display="no" color="cyan">
         <name>.int04</name>
         <run_address>0x0</run_address>
         <size>0x0</size>
         <contents>
         </contents>
      </logical_group>
      <logical_group id="lg-1d" display="no" color="cyan">
         <name>ADC10</name>
         <load_address>0xffea</load_address>
         <run_address>0xffea</run_address>
         <size>0x2</size>
         <contents>
            <object_component_ref idref="oc-40"/>
         </contents>
      </logical_group>
      <logical_group id="lg-1f" display="no" color="cyan">
         <name>USCIAB0TX</name>
         <load_address>0xffec</load_address>
         <run_address>0xffec</run_address>
         <size>0x2</size>
         <contents>
            <object_component_ref idref="oc-41"/>
         </contents>
      </logical_group>
      <logical_group id="lg-21" display="no" color="cyan">
         <name>USCIAB0RX</name>
         <load_address>0xffee</load_address>
         <run_address>0xffee</run_address>
         <size>0x2</size>
         <contents>
            <object_component_ref idref="oc-42"/>
         </contents>
      </logical_group>
      <logical_group id="lg-23" display="no" color="cyan">
         <name>TIMERA1</name>
         <load_address>0xfff0</load_address>
         <run_address>0xfff0</run_address>
         <size>0x2</size>
         <contents>
            <object_component_ref idref="oc-43"/>
         </contents>
      </logical_group>
      <logical_group id="lg-25" display="no" color="cyan">
         <name>TIMERA0</name>
         <load_address>0xfff2</load_address>
         <run_address>0xfff2</run_address>
         <size>0x2</size>
         <contents>
            <object_component_ref idref="oc-44"/>
         </contents>
      </logical_group>
      <logical_group id="lg-27" display="no" color="cyan">
         <name>WDT</name>
         <load_address>0xfff4</load_address>
         <run_address>0xfff4</run_address>
         <size>0x2</size>
         <contents>
            <object_component_ref idref="oc-45"/>
         </contents>
      </logical_group>
      <logical_group id="lg-29" display="no" color="cyan">
         <name>.int11</name>
         <run_address>0x0</run_address>
         <size>0x0</size>
         <contents>
         </contents>
      </logical_group>
      <logical_group id="lg-2a" display="no" color="cyan">
         <name>TIMERB1</name>
         <load_address>0xfff8</load_address>
         <run_address>0xfff8</run_address>
         <size>0x2</size>
         <contents>
            <object_component_ref idref="oc-46"/>
         </contents>
      </logical_group>
      <logical_group id="lg-2c" display="no" color="cyan">
         <name>TIMERB0</name>
         <load_address>0xfffa</load_address>
         <run_address>0xfffa</run_address>
         <size>0x2</size>
         <contents>
            <object_component_ref idref="oc-47"/>
         </contents>
      </logical_group>
      <logical_group id="lg-2e" display="no" color="cyan">
         <name>NMI</name>
         <load_address>0xfffc</load_address>
         <run_address>0xfffc</run_address>
         <size>0x2</size>
         <contents>
            <object_component_ref idref="oc-48"/>
         </contents>
      </logical_group>
      <logical_group id="lg-30" display="no" color="cyan">
         <name>.reset</name>
         <load_address>0xfffe</load_address>
         <run_address>0xfffe</run_address>
         <size>0x2</size>
         <contents>
            <object_component_ref idref="oc-af"/>
         </contents>
      </logical_group>
      <logical_group id="lg-223" display="no" color="cyan">
         <name>.TI.persistent</name>
         <run_address>0x0</run_address>
         <size>0x0</size>
         <contents>
         </contents>
      </logical_group>
      <logical_group id="lg-24a" display="never" color="cyan">
         <name>.debug_info</name>
         <load_address>0x0</load_address>
         <run_address>0x0</run_address>
         <size>0xa55</size>
         <contents>
            <object_component_ref idref="oc-14f"/>
            <object_component_ref idref="oc-e3"/>
            <object_component_ref idref="oc-dd"/>
            <object_component_ref idref="oc-c5"/>
            <object_component_ref idref="oc-d9"/>
            <object_component_ref idref="oc-ad"/>
            <object_component_ref idref="oc-f5"/>
            <object_component_ref idref="oc-149"/>
            <object_component_ref idref="oc-178"/>
            <object_component_ref idref="oc-264"/>
         </contents>
      </logical_group>
      <logical_group id="lg-24c" display="never" color="cyan">
         <name>.debug_line</name>
         <load_address>0x0</load_address>
         <run_address>0x0</run_address>
         <size>0x236</size>
         <contents>
            <object_component_ref idref="oc-152"/>
            <object_component_ref idref="oc-e7"/>
            <object_component_ref idref="oc-e1"/>
            <object_component_ref idref="oc-c8"/>
            <object_component_ref idref="oc-d8"/>
            <object_component_ref idref="oc-125"/>
            <object_component_ref idref="oc-f8"/>
            <object_component_ref idref="oc-14c"/>
            <object_component_ref idref="oc-17b"/>
         </contents>
      </logical_group>
      <logical_group id="lg-24e" display="never" color="cyan">
         <name>.debug_frame</name>
         <load_address>0x0</load_address>
         <run_address>0x0</run_address>
         <size>0x160</size>
         <contents>
            <object_component_ref idref="oc-153"/>
            <object_component_ref idref="oc-e6"/>
            <object_component_ref idref="oc-e0"/>
            <object_component_ref idref="oc-f9"/>
            <object_component_ref idref="oc-14d"/>
            <object_component_ref idref="oc-17c"/>
         </contents>
      </logical_group>
      <logical_group id="lg-250" display="never" color="cyan">
         <name>.debug_abbrev</name>
         <load_address>0x0</load_address>
         <run_address>0x0</run_address>
         <size>0x25b</size>
         <contents>
            <object_component_ref idref="oc-176"/>
            <object_component_ref idref="oc-13f"/>
            <object_component_ref idref="oc-13e"/>
            <object_component_ref idref="oc-c7"/>
            <object_component_ref idref="oc-13d"/>
            <object_component_ref idref="oc-124"/>
            <object_component_ref idref="oc-155"/>
            <object_component_ref idref="oc-175"/>
            <object_component_ref idref="oc-1b6"/>
            <object_component_ref idref="oc-265"/>
         </contents>
      </logical_group>
      <logical_group id="lg-252" display="never" color="cyan">
         <name>.debug_str</name>
         <load_address>0x0</load_address>
         <run_address>0x0</run_address>
         <size>0xfa</size>
         <contents>
            <object_component_ref idref="oc-c9"/>
         </contents>
      </logical_group>
      <logical_group id="lg-254" display="never" color="cyan">
         <name>.debug_aranges</name>
         <load_address>0x0</load_address>
         <run_address>0x0</run_address>
         <size>0xe0</size>
         <contents>
            <object_component_ref idref="oc-150"/>
            <object_component_ref idref="oc-e4"/>
            <object_component_ref idref="oc-de"/>
            <object_component_ref idref="oc-da"/>
            <object_component_ref idref="oc-f7"/>
            <object_component_ref idref="oc-14a"/>
            <object_component_ref idref="oc-17a"/>
         </contents>
      </logical_group>
      <logical_group id="lg-256" display="never" color="cyan">
         <name>.debug_pubnames</name>
         <load_address>0x0</load_address>
         <run_address>0x0</run_address>
         <size>0x115</size>
         <contents>
            <object_component_ref idref="oc-151"/>
            <object_component_ref idref="oc-e5"/>
            <object_component_ref idref="oc-df"/>
            <object_component_ref idref="oc-db"/>
            <object_component_ref idref="oc-ae"/>
            <object_component_ref idref="oc-f6"/>
            <object_component_ref idref="oc-14b"/>
            <object_component_ref idref="oc-179"/>
         </contents>
      </logical_group>
      <logical_group id="lg-258" display="never" color="cyan">
         <name>.debug_pubtypes</name>
         <load_address>0x0</load_address>
         <run_address>0x0</run_address>
         <size>0xed</size>
         <contents>
            <object_component_ref idref="oc-c6"/>
         </contents>
      </logical_group>
      <logical_group id="lg-266" display="no" color="cyan">
         <name>$fill000</name>
         <load_address>0xffde</load_address>
         <run_address>0xffde</run_address>
         <size>0x2</size>
         <contents>
         </contents>
      </logical_group>
      <load_segment id="lg-268" display="no" color="cyan">
         <name>SEGMENT_0</name>
         <run_address>0x5b0</run_address>
         <size>0x50</size>
         <flags>0x6</flags>
         <contents>
            <logical_group_ref idref="lg-6"/>
         </contents>
      </load_segment>
      <load_segment id="lg-269" display="no" color="cyan">
         <name>SEGMENT_1</name>
         <load_address>0x8000</load_address>
         <run_address>0x8000</run_address>
         <size>0xe0</size>
         <flags>0x5</flags>
         <contents>
            <logical_group_ref idref="lg-7"/>
         </contents>
      </load_segment>
      <load_segment id="lg-26a" display="no" color="cyan">
         <name>SEGMENT_2</name>
         <load_address>0xffde</load_address>
         <run_address>0xffde</run_address>
         <size>0x2</size>
         <flags>0x4</flags>
         <contents>
            <logical_group_ref idref="lg-266"/>
         </contents>
      </load_segment>
      <load_segment id="lg-26b" display="no" color="cyan">
         <name>SEGMENT_3</name>
         <load_address>0xffe4</load_address>
         <run_address>0xffe4</run_address>
         <size>0x4</size>
         <flags>0x4</flags>
         <contents>
            <logical_group_ref idref="lg-18"/>
            <logical_group_ref idref="lg-1a"/>
         </contents>
      </load_segment>
      <load_segment id="lg-26c" display="no" color="cyan">
         <name>SEGMENT_4</name>
         <load_address>0xffea</load_address>
         <run_address>0xffea</run_address>
         <size>0xc</size>
         <flags>0x4</flags>
         <contents>
            <logical_group_ref idref="lg-1d"/>
            <logical_group_ref idref="lg-1f"/>
            <logical_group_ref idref="lg-21"/>
            <logical_group_ref idref="lg-23"/>
            <logical_group_ref idref="lg-25"/>
            <logical_group_ref idref="lg-27"/>
         </contents>
      </load_segment>
      <load_segment id="lg-26d" display="no" color="cyan">
         <name>SEGMENT_5</name>
         <load_address>0xfff8</load_address>
         <run_address>0xfff8</run_address>
         <size>0x8</size>
         <flags>0x4</flags>
         <contents>
            <logical_group_ref idref="lg-2a"/>
            <logical_group_ref idref="lg-2c"/>
            <logical_group_ref idref="lg-2e"/>
            <logical_group_ref idref="lg-30"/>
         </contents>
      </load_segment>
   </logical_group_list>
   <placement_map>
      <memory_area display="no" color="green">
         <name>SFR</name>
         <page_id>0x0</page_id>
         <origin>0x0</origin>
         <length>0x10</length>
         <used_space>0x0</used_space>
         <unused_space>0x10</unused_space>
         <attributes>RWIX</attributes>
         <usage_details>
         </usage_details>
      </memory_area>
      <memory_area display="yes" color="green">
         <name>PERIPHERALS_8BIT</name>
         <page_id>0x0</page_id>
         <origin>0x10</origin>
         <length>0xf0</length>
         <used_space>0x0</used_space>
         <unused_space>0xf0</unused_space>
         <attributes>RWIX</attributes>
         <usage_details>
         </usage_details>
      </memory_area>
      <memory_area display="yes" color="green">
         <name>PERIPHERALS_16BIT</name>
         <page_id>0x0</page_id>
         <origin>0x100</origin>
         <length>0x100</length>
         <used_space>0x0</used_space>
         <unused_space>0x100</unused_space>
         <attributes>RWIX</attributes>
         <usage_details>
         </usage_details>
      </memory_area>
      <memory_area display="yes" color="green">
         <name>RAM</name>
         <page_id>0x0</page_id>
         <origin>0x200</origin>
         <length>0x400</length>
         <used_space>0x50</used_space>
         <unused_space>0x3b0</unused_space>
         <attributes>RWIX</attributes>
         <usage_details>
            <available_space>
               <start_address>0x200</start_address>
               <size>0x3b0</size>
            </available_space>
            <allocated_space>
               <start_address>0x5b0</start_address>
               <size>0x50</size>
               <logical_group_ref idref="lg-6"/>
            </allocated_space>
         </usage_details>
      </memory_area>
      <memory_area display="no" color="green">
         <name>INFOD</name>
         <page_id>0x0</page_id>
         <origin>0x1000</origin>
         <length>0x40</length>
         <used_space>0x0</used_space>
         <unused_space>0x40</unused_space>
         <attributes>RWIX</attributes>
         <usage_details>
         </usage_details>
      </memory_area>
      <memory_area display="no" color="green">
         <name>INFOC</name>
         <page_id>0x0</page_id>
         <origin>0x1040</origin>
         <length>0x40</length>
         <used_space>0x0</used_space>
         <unused_space>0x40</unused_space>
         <attributes>RWIX</attributes>
         <usage_details>
         </usage_details>
      </memory_area>
      <memory_area display="no" color="green">
         <name>INFOB</name>
         <page_id>0x0</page_id>
         <origin>0x1080</origin>
         <length>0x40</length>
         <used_space>0x0</used_space>
         <unused_space>0x40</unused_space>
         <attributes>RWIX</attributes>
         <usage_details>
         </usage_details>
      </memory_area>
      <memory_area display="no" color="green">
         <name>INFOA</name>
         <page_id>0x0</page_id>
         <origin>0x10c0</origin>
         <length>0x40</length>
         <used_space>0x0</used_space>
         <unused_space>0x40</unused_space>
         <attributes>RWIX</attributes>
         <usage_details>
         </usage_details>
      </memory_area>
      <memory_area display="yes" color="green">
         <name>FLASH</name>
         <page_id>0x0</page_id>
         <origin>0x8000</origin>
         <length>0x7fde</length>
         <used_space>0xe0</used_space>
         <unused_space>0x7efe</unused_space>
         <attributes>RWIX</attributes>
         <usage_details>
            <allocated_space>
               <start_address>0x8000</start_address>
               <size>0x0</size>
               <logical_group_ref idref="lg-d"/>
            </allocated_space>
            <allocated_space>
               <start_address>0x8000</start_address>
               <size>0xe0</size>
               <logical_group_ref idref="lg-7"/>
            </allocated_space>
            <available_space>
               <start_address>0x80e0</start_address>
               <size>0x7efe</size>
            </available_space>
         </usage_details>
      </memory_area>
      <memory_area display="no" color="green">
         <name>BSLSIGNATURE</name>
         <page_id>0x0</page_id>
         <origin>0xffde</origin>
         <length>0x2</length>
         <used_space>0x2</used_space>
         <unused_space>0x0</unused_space>
         <attributes>RWIX</attributes>
         <fill_value>0xffff</fill_value>
         <fill_width>0x10</fill_width>
         <virtual_fill>0x0</virtual_fill>
         <usage_details>
            <allocated_space>
               <start_address>0xffde</start_address>
               <size>0x2</size>
               <logical_group_ref idref="lg-266"/>
            </allocated_space>
         </usage_details>
      </memory_area>
      <memory_area display="no" color="green">
         <name>INT00</name>
         <page_id>0x0</page_id>
         <origin>0xffe0</origin>
         <length>0x2</length>
         <used_space>0x0</used_space>
         <unused_space>0x2</unused_space>
         <attributes>RWIX</attributes>
         <usage_details>
         </usage_details>
      </memory_area>
      <memory_area display="no" color="green">
         <name>INT01</name>
         <page_id>0x0</page_id>
         <origin>0xffe2</origin>
         <length>0x2</length>
         <used_space>0x0</used_space>
         <unused_space>0x2</unused_space>
         <attributes>RWIX</attributes>
         <usage_details>
         </usage_details>
      </memory_area>
      <memory_area display="no" color="green">
         <name>INT02</name>
         <page_id>0x0</page_id>
         <origin>0xffe4</origin>
         <length>0x2</length>
         <used_space>0x2</used_space>
         <unused_space>0x0</unused_space>
         <attributes>RWIX</attributes>
         <usage_details>
            <allocated_space>
               <start_address>0xffe4</start_address>
               <size>0x2</size>
               <logical_group_ref idref="lg-18"/>
            </allocated_space>
         </usage_details>
      </memory_area>
      <memory_area display="no" color="green">
         <name>INT03</name>
         <page_id>0x0</page_id>
         <origin>0xffe6</origin>
         <length>0x2</length>
         <used_space>0x2</used_space>
         <unused_space>0x0</unused_space>
         <attributes>RWIX</attributes>
         <usage_details>
            <allocated_space>
               <start_address>0xffe6</start_address>
               <size>0x2</size>
               <logical_group_ref idref="lg-1a"/>
            </allocated_space>
         </usage_details>
      </memory_area>
      <memory_area display="no" color="green">
         <name>INT04</name>
         <page_id>0x0</page_id>
         <origin>0xffe8</origin>
         <length>0x2</length>
         <used_space>0x0</used_space>
         <unused_space>0x2</unused_space>
         <attributes>RWIX</attributes>
         <usage_details>
         </usage_details>
      </memory_area>
      <memory_area display="no" color="green">
         <name>INT05</name>
         <page_id>0x0</page_id>
         <origin>0xffea</origin>
         <length>0x2</length>
         <used_space>0x2</used_space>
         <unused_space>0x0</unused_space>
         <attributes>RWIX</attributes>
         <usage_details>
            <allocated_space>
               <start_address>0xffea</start_address>
               <size>0x2</size>
               <logical_group_ref idref="lg-1d"/>
            </allocated_space>
         </usage_details>
      </memory_area>
      <memory_area display="no" color="green">
         <name>INT06</name>
         <page_id>0x0</page_id>
         <origin>0xffec</origin>
         <length>0x2</length>
         <used_space>0x2</used_space>
         <unused_space>0x0</unused_space>
         <attributes>RWIX</attributes>
         <usage_details>
            <allocated_space>
               <start_address>0xffec</start_address>
               <size>0x2</size>
               <logical_group_ref idref="lg-1f"/>
            </allocated_space>
         </usage_details>
      </memory_area>
      <memory_area display="no" color="green">
         <name>INT07</name>
         <page_id>0x0</page_id>
         <origin>0xffee</origin>
         <length>0x2</length>
         <used_space>0x2</used_space>
         <unused_space>0x0</unused_space>
         <attributes>RWIX</attributes>
         <usage_details>
            <allocated_space>
               <start_address>0xffee</start_address>
               <size>0x2</size>
               <logical_group_ref idref="lg-21"/>
            </allocated_space>
         </usage_details>
      </memory_area>
      <memory_area display="no" color="green">
         <name>INT08</name>
         <page_id>0x0</page_id>
         <origin>0xfff0</origin>
         <length>0x2</length>
         <used_space>0x2</used_space>
         <unused_space>0x0</unused_space>
         <attributes>RWIX</attributes>
         <usage_details>
            <allocated_space>
               <start_address>0xfff0</start_address>
               <size>0x2</size>
               <logical_group_ref idref="lg-23"/>
            </allocated_space>
         </usage_details>
      </memory_area>
      <memory_area display="no" color="green">
         <name>INT09</name>
         <page_id>0x0</page_id>
         <origin>0xfff2</origin>
         <length>0x2</length>
         <used_space>0x2</used_space>
         <unused_space>0x0</unused_space>
         <attributes>RWIX</attributes>
         <usage_details>
            <allocated_space>
               <start_address>0xfff2</start_address>
               <size>0x2</size>
               <logical_group_ref idref="lg-25"/>
            </allocated_space>
         </usage_details>
      </memory_area>
      <memory_area display="no" color="green">
         <name>INT10</name>
         <page_id>0x0</page_id>
         <origin>0xfff4</origin>
         <length>0x2</length>
         <used_space>0x2</used_space>
         <unused_space>0x0</unused_space>
         <attributes>RWIX</attributes>
         <usage_details>
            <allocated_space>
               <start_address>0xfff4</start_address>
               <size>0x2</size>
               <logical_group_ref idref="lg-27"/>
            </allocated_space>
         </usage_details>
      </memory_area>
      <memory_area display="no" color="green">
         <name>INT11</name>
         <page_id>0x0</page_id>
         <origin>0xfff6</origin>
         <length>0x2</length>
         <used_space>0x0</used_space>
         <unused_space>0x2</unused_space>
         <attributes>RWIX</attributes>
         <usage_details>
         </usage_details>
      </memory_area>
      <memory_area display="no" color="green">
         <name>INT12</name>
         <page_id>0x0</page_id>
         <origin>0xfff8</origin>
         <length>0x2</length>
         <used_space>0x2</used_space>
         <unused_space>0x0</unused_space>
         <attributes>RWIX</attributes>
         <usage_details>
            <allocated_space>
               <start_address>0xfff8</start_address>
               <size>0x2</size>
               <logical_group_ref idref="lg-2a"/>
            </allocated_space>
         </usage_details>
      </memory_area>
      <memory_area display="no" color="green">
         <name>INT13</name>
         <page_id>0x0</page_id>
         <origin>0xfffa</origin>
         <length>0x2</length>
         <used_space>0x2</used_space>
         <unused_space>0x0</unused_space>
         <attributes>RWIX</attributes>
         <usage_details>
            <allocated_space>
               <start_address>0xfffa</start_address>
               <size>0x2</size>
               <logical_group_ref idref="lg-2c"/>
            </allocated_space>
         </usage_details>
      </memory_area>
      <memory_area display="no" color="green">
         <name>INT14</name>
         <page_id>0x0</page_id>
         <origin>0xfffc</origin>
         <length>0x2</length>
         <used_space>0x2</used_space>
         <unused_space>0x0</unused_space>
         <attributes>RWIX</attributes>
         <usage_details>
            <allocated_space>
               <start_address>0xfffc</start_address>
               <size>0x2</size>
               <logical_group_ref idref="lg-2e"/>
            </allocated_space>
         </usage_details>
      </memory_area>
      <memory_area display="no" color="green">
         <name>RESET</name>
         <page_id>0x0</page_id>
         <origin>0xfffe</origin>
         <length>0x2</length>
         <used_space>0x2</used_space>
         <unused_space>0x0</unused_space>
         <attributes>RWIX</attributes>
         <usage_details>
            <allocated_space>
               <start_address>0xfffe</start_address>
               <size>0x2</size>
               <logical_group_ref idref="lg-30"/>
            </allocated_space>
         </usage_details>
      </memory_area>
   </placement_map>
   <symbol_table>
      <symbol id="sm-1">
         <name>IE1</name>
         <value>0x0</value>
      </symbol>
      <symbol id="sm-2">
         <name>IFG1</name>
         <value>0x2</value>
      </symbol>
      <symbol id="sm-3">
         <name>IE2</name>
         <value>0x1</value>
      </symbol>
      <symbol id="sm-4">
         <name>IFG2</name>
         <value>0x3</value>
      </symbol>
      <symbol id="sm-5">
         <name>ADC10DTC0</name>
         <value>0x48</value>
      </symbol>
      <symbol id="sm-6">
         <name>ADC10DTC1</name>
         <value>0x49</value>
      </symbol>
      <symbol id="sm-7">
         <name>ADC10AE0</name>
         <value>0x4a</value>
      </symbol>
      <symbol id="sm-8">
         <name>ADC10AE1</name>
         <value>0x4b</value>
      </symbol>
      <symbol id="sm-9">
         <name>ADC10CTL0</name>
         <value>0x1b0</value>
      </symbol>
      <symbol id="sm-a">
         <name>ADC10CTL1</name>
         <value>0x1b2</value>
      </symbol>
      <symbol id="sm-b">
         <name>ADC10MEM</name>
         <value>0x1b4</value>
      </symbol>
      <symbol id="sm-c">
         <name>ADC10SA</name>
         <value>0x1bc</value>
      </symbol>
      <symbol id="sm-d">
         <name>DCOCTL</name>
         <value>0x56</value>
      </symbol>
      <symbol id="sm-e">
         <name>BCSCTL1</name>
         <value>0x57</value>
      </symbol>
      <symbol id="sm-f">
         <name>BCSCTL2</name>
         <value>0x58</value>
      </symbol>
      <symbol id="sm-10">
         <name>BCSCTL3</name>
         <value>0x53</value>
      </symbol>
      <symbol id="sm-11">
         <name>FCTL1</name>
         <value>0x128</value>
      </symbol>
      <symbol id="sm-12">
         <name>FCTL2</name>
         <value>0x12a</value>
      </symbol>
      <symbol id="sm-13">
         <name>FCTL3</name>
         <value>0x12c</value>
      </symbol>
      <symbol id="sm-14">
         <name>OA0CTL0</name>
         <value>0xc0</value>
      </symbol>
      <symbol id="sm-15">
         <name>OA0CTL1</name>
         <value>0xc1</value>
      </symbol>
      <symbol id="sm-16">
         <name>OA1CTL0</name>
         <value>0xc2</value>
      </symbol>
      <symbol id="sm-17">
         <name>OA1CTL1</name>
         <value>0xc3</value>
      </symbol>
      <symbol id="sm-18">
         <name>P1IN</name>
         <value>0x20</value>
      </symbol>
      <symbol id="sm-19">
         <name>P1OUT</name>
         <value>0x21</value>
      </symbol>
      <symbol id="sm-1a">
         <name>P1DIR</name>
         <value>0x22</value>
      </symbol>
      <symbol id="sm-1b">
         <name>P1IFG</name>
         <value>0x23</value>
      </symbol>
      <symbol id="sm-1c">
         <name>P1IES</name>
         <value>0x24</value>
      </symbol>
      <symbol id="sm-1d">
         <name>P1IE</name>
         <value>0x25</value>
      </symbol>
      <symbol id="sm-1e">
         <name>P1SEL</name>
         <value>0x26</value>
      </symbol>
      <symbol id="sm-1f">
         <name>P1REN</name>
         <value>0x27</value>
      </symbol>
      <symbol id="sm-20">
         <name>P2IN</name>
         <value>0x28</value>
      </symbol>
      <symbol id="sm-21">
         <name>P2OUT</name>
         <value>0x29</value>
      </symbol>
      <symbol id="sm-22">
         <name>P2DIR</name>
         <value>0x2a</value>
      </symbol>
      <symbol id="sm-23">
         <name>P2IFG</name>
         <value>0x2b</value>
      </symbol>
      <symbol id="sm-24">
         <name>P2IES</name>
         <value>0x2c</value>
      </symbol>
      <symbol id="sm-25">
         <name>P2IE</name>
         <value>0x2d</value>
      </symbol>
      <symbol id="sm-26">
         <name>P2SEL</name>
         <value>0x2e</value>
      </symbol>
      <symbol id="sm-27">
         <name>P2REN</name>
         <value>0x2f</value>
      </symbol>
      <symbol id="sm-28">
         <name>P3IN</name>
         <value>0x18</value>
      </symbol>
      <symbol id="sm-29">
         <name>P3OUT</name>
         <value>0x19</value>
      </symbol>
      <symbol id="sm-2a">
         <name>P3DIR</name>
         <value>0x1a</value>
      </symbol>
      <symbol id="sm-2b">
         <name>P3SEL</name>
         <value>0x1b</value>
      </symbol>
      <symbol id="sm-2c">
         <name>P3REN</name>
         <value>0x10</value>
      </symbol>
      <symbol id="sm-2d">
         <name>P4IN</name>
         <value>0x1c</value>
      </symbol>
      <symbol id="sm-2e">
         <name>P4OUT</name>
         <value>0x1d</value>
      </symbol>
      <symbol id="sm-2f">
         <name>P4DIR</name>
         <value>0x1e</value>
      </symbol>
      <symbol id="sm-30">
         <name>P4SEL</name>
         <value>0x1f</value>
      </symbol>
      <symbol id="sm-31">
         <name>P4REN</name>
         <value>0x11</value>
      </symbol>
      <symbol id="sm-32">
         <name>TAIV</name>
         <value>0x12e</value>
      </symbol>
      <symbol id="sm-33">
         <name>TACTL</name>
         <value>0x160</value>
      </symbol>
      <symbol id="sm-34">
         <name>TACCTL0</name>
         <value>0x162</value>
      </symbol>
      <symbol id="sm-35">
         <name>TACCTL1</name>
         <value>0x164</value>
      </symbol>
      <symbol id="sm-36">
         <name>TACCTL2</name>
         <value>0x166</value>
      </symbol>
      <symbol id="sm-37">
         <name>TAR</name>
         <value>0x170</value>
      </symbol>
      <symbol id="sm-38">
         <name>TACCR0</name>
         <value>0x172</value>
      </symbol>
      <symbol id="sm-39">
         <name>TACCR1</name>
         <value>0x174</value>
      </symbol>
      <symbol id="sm-3a">
         <name>TACCR2</name>
         <value>0x176</value>
      </symbol>
      <symbol id="sm-3b">
         <name>TBIV</name>
         <value>0x11e</value>
      </symbol>
      <symbol id="sm-3c">
         <name>TBCTL</name>
         <value>0x180</value>
      </symbol>
      <symbol id="sm-3d">
         <name>TBCCTL0</name>
         <value>0x182</value>
      </symbol>
      <symbol id="sm-3e">
         <name>TBCCTL1</name>
         <value>0x184</value>
      </symbol>
      <symbol id="sm-3f">
         <name>TBCCTL2</name>
         <value>0x186</value>
      </symbol>
      <symbol id="sm-40">
         <name>TBR</name>
         <value>0x190</value>
      </symbol>
      <symbol id="sm-41">
         <name>TBCCR0</name>
         <value>0x192</value>
      </symbol>
      <symbol id="sm-42">
         <name>TBCCR1</name>
         <value>0x194</value>
      </symbol>
      <symbol id="sm-43">
         <name>TBCCR2</name>
         <value>0x196</value>
      </symbol>
      <symbol id="sm-44">
         <name>UCA0CTL0</name>
         <value>0x60</value>
      </symbol>
      <symbol id="sm-45">
         <name>UCA0CTL1</name>
         <value>0x61</value>
      </symbol>
      <symbol id="sm-46">
         <name>UCA0BR0</name>
         <value>0x62</value>
      </symbol>
      <symbol id="sm-47">
         <name>UCA0BR1</name>
         <value>0x63</value>
      </symbol>
      <symbol id="sm-48">
         <name>UCA0MCTL</name>
         <value>0x64</value>
      </symbol>
      <symbol id="sm-49">
         <name>UCA0STAT</name>
         <value>0x65</value>
      </symbol>
      <symbol id="sm-4a">
         <name>UCA0RXBUF</name>
         <value>0x66</value>
      </symbol>
      <symbol id="sm-4b">
         <name>UCA0TXBUF</name>
         <value>0x67</value>
      </symbol>
      <symbol id="sm-4c">
         <name>UCA0ABCTL</name>
         <value>0x5d</value>
      </symbol>
      <symbol id="sm-4d">
         <name>UCA0IRTCTL</name>
         <value>0x5e</value>
      </symbol>
      <symbol id="sm-4e">
         <name>UCA0IRRCTL</name>
         <value>0x5f</value>
      </symbol>
      <symbol id="sm-4f">
         <name>UCB0CTL0</name>
         <value>0x68</value>
      </symbol>
      <symbol id="sm-50">
         <name>UCB0CTL1</name>
         <value>0x69</value>
      </symbol>
      <symbol id="sm-51">
         <name>UCB0BR0</name>
         <value>0x6a</value>
      </symbol>
      <symbol id="sm-52">
         <name>UCB0BR1</name>
         <value>0x6b</value>
      </symbol>
      <symbol id="sm-53">
         <name>UCB0I2CIE</name>
         <value>0x6c</value>
      </symbol>
      <symbol id="sm-54">
         <name>UCB0STAT</name>
         <value>0x6d</value>
      </symbol>
      <symbol id="sm-55">
         <name>UCB0RXBUF</name>
         <value>0x6e</value>
      </symbol>
      <symbol id="sm-56">
         <name>UCB0TXBUF</name>
         <value>0x6f</value>
      </symbol>
      <symbol id="sm-57">
         <name>UCB0I2COA</name>
         <value>0x118</value>
      </symbol>
      <symbol id="sm-58">
         <name>UCB0I2CSA</name>
         <value>0x11a</value>
      </symbol>
      <symbol id="sm-59">
         <name>WDTCTL</name>
         <value>0x120</value>
      </symbol>
      <symbol id="sm-5a">
         <name>CALDCO_16MHZ</name>
         <value>0x10f8</value>
      </symbol>
      <symbol id="sm-5b">
         <name>CALBC1_16MHZ</name>
         <value>0x10f9</value>
      </symbol>
      <symbol id="sm-5c">
         <name>CALDCO_12MHZ</name>
         <value>0x10fa</value>
      </symbol>
      <symbol id="sm-5d">
         <name>CALBC1_12MHZ</name>
         <value>0x10fb</value>
      </symbol>
      <symbol id="sm-5e">
         <name>CALDCO_8MHZ</name>
         <value>0x10fc</value>
      </symbol>
      <symbol id="sm-5f">
         <name>CALBC1_8MHZ</name>
         <value>0x10fd</value>
      </symbol>
      <symbol id="sm-60">
         <name>CALDCO_1MHZ</name>
         <value>0x10fe</value>
      </symbol>
      <symbol id="sm-61">
         <name>CALBC1_1MHZ</name>
         <value>0x10ff</value>
      </symbol>
      <symbol id="sm-62">
         <name>__STACK_SIZE</name>
         <value>0x50</value>
      </symbol>
      <symbol id="sm-63">
         <name>__STACK_END</name>
         <value>0x600</value>
      </symbol>
      <symbol id="sm-64">
         <name>__c_args__</name>
         <value>0xffffffff</value>
      </symbol>
      <symbol id="sm-65">
         <name>__TI_pprof_out_hndl</name>
         <value>0xffffffff</value>
      </symbol>
      <symbol id="sm-66">
         <name>__TI_prof_data_start</name>
         <value>0xffffffff</value>
      </symbol>
      <symbol id="sm-67">
         <name>__TI_prof_data_size</name>
         <value>0xffffffff</value>
      </symbol>
      <symbol id="sm-b9">
         <name>USCI0RX_ISR</name>
         <value>0x80bc</value>
         <object_component_ref idref="oc-e2"/>
      </symbol>
      <symbol id="sm-ba">
         <name>__TI_int07</name>
         <value>0xffee</value>
         <object_component_ref idref="oc-42"/>
      </symbol>
      <symbol id="sm-bb">
         <name>__TI_int03</name>
         <value>0xffe6</value>
         <object_component_ref idref="oc-3f"/>
      </symbol>
      <symbol id="sm-bc">
         <name>main</name>
         <value>0x8000</value>
         <object_component_ref idref="oc-14e"/>
      </symbol>
      <symbol id="sm-bd">
         <name>PORT2_ISR</name>
         <value>0x8062</value>
         <object_component_ref idref="oc-dc"/>
      </symbol>
      <symbol id="sm-c1">
         <name>__TI_int02</name>
         <value>0xffe4</value>
         <object_component_ref idref="oc-3e"/>
      </symbol>
      <symbol id="sm-c4">
         <name>__TI_int05</name>
         <value>0xffea</value>
         <object_component_ref idref="oc-40"/>
      </symbol>
      <symbol id="sm-c7">
         <name>__TI_int06</name>
         <value>0xffec</value>
         <object_component_ref idref="oc-41"/>
      </symbol>
      <symbol id="sm-ca">
         <name>__TI_int08</name>
         <value>0xfff0</value>
         <object_component_ref idref="oc-43"/>
      </symbol>
      <symbol id="sm-cd">
         <name>__TI_int09</name>
         <value>0xfff2</value>
         <object_component_ref idref="oc-44"/>
      </symbol>
      <symbol id="sm-d0">
         <name>__TI_int10</name>
         <value>0xfff4</value>
         <object_component_ref idref="oc-45"/>
      </symbol>
      <symbol id="sm-d3">
         <name>__TI_int12</name>
         <value>0xfff8</value>
         <object_component_ref idref="oc-46"/>
      </symbol>
      <symbol id="sm-d6">
         <name>__TI_int13</name>
         <value>0xfffa</value>
         <object_component_ref idref="oc-47"/>
      </symbol>
      <symbol id="sm-d9">
         <name>__TI_int14</name>
         <value>0xfffc</value>
         <object_component_ref idref="oc-48"/>
      </symbol>
      <symbol id="sm-e1">
         <name>__TI_ISR_TRAP</name>
         <value>0x80ce</value>
         <object_component_ref idref="oc-d7"/>
      </symbol>
      <symbol id="sm-f0">
         <name>_c_int00_noinit_noargs</name>
         <value>0x80a8</value>
         <object_component_ref idref="oc-f4"/>
      </symbol>
      <symbol id="sm-f1">
         <name>_stack</name>
         <value>0x5b0</value>
         <object_component_ref idref="oc-ac"/>
      </symbol>
      <symbol id="sm-f2">
         <name>_reset_vector</name>
         <value>0xfffe</value>
         <object_component_ref idref="oc-af"/>
      </symbol>
      <symbol id="sm-ff">
         <name>_system_pre_init</name>
         <value>0x80dc</value>
         <object_component_ref idref="oc-148"/>
      </symbol>
      <symbol id="sm-10c">
         <name>C$$EXIT</name>
         <value>0x80d6</value>
         <object_component_ref idref="oc-177"/>
      </symbol>
      <symbol id="sm-10d">
         <name>abort</name>
         <value>0x80d6</value>
         <object_component_ref idref="oc-177"/>
      </symbol>
   </symbol_table>
   <title>Link successful</title>
</link_info>
